1,4,,p0[,*M+,]=threshold;,,p0[1*M+4]=threshold;,,p0[4*M+1]=threshold;
1,8,,p0[,*M+,]=threshold;,,p0[1*M+8]=threshold;,,p0[8*M+1]=threshold;
1,34,,p0[,*M+,]=threshold;,,p0[1*M+34]=threshold;,,p0[34*M+1]=threshold;
1,71,,p0[,*M+,]=threshold;,,p0[1*M+71]=threshold;,,p0[71*M+1]=threshold;
1,108,,p0[,*M+,]=threshold;,,p0[1*M+108]=threshold;,,p0[108*M+1]=threshold;
1,113,,p0[,*M+,]=threshold;,,p0[1*M+113]=threshold;,,p0[113*M+1]=threshold;
1,265,,p0[,*M+,]=threshold;,,p0[1*M+265]=threshold;,,p0[265*M+1]=threshold;
1,499,,p0[,*M+,]=threshold;,,p0[1*M+499]=threshold;,,p0[499*M+1]=threshold;
2,6,,p0[,*M+,]=threshold;,,p0[2*M+6]=threshold;,,p0[6*M+2]=threshold;
2,8,,p0[,*M+,]=threshold;,,p0[2*M+8]=threshold;,,p0[8*M+2]=threshold;
2,14,,p0[,*M+,]=threshold;,,p0[2*M+14]=threshold;,,p0[14*M+2]=threshold;
2,20,,p0[,*M+,]=threshold;,,p0[2*M+20]=threshold;,,p0[20*M+2]=threshold;
2,31,,p0[,*M+,]=threshold;,,p0[2*M+31]=threshold;,,p0[31*M+2]=threshold;
2,39,,p0[,*M+,]=threshold;,,p0[2*M+39]=threshold;,,p0[39*M+2]=threshold;
2,46,,p0[,*M+,]=threshold;,,p0[2*M+46]=threshold;,,p0[46*M+2]=threshold;
2,57,,p0[,*M+,]=threshold;,,p0[2*M+57]=threshold;,,p0[57*M+2]=threshold;
2,70,,p0[,*M+,]=threshold;,,p0[2*M+70]=threshold;,,p0[70*M+2]=threshold;
2,77,,p0[,*M+,]=threshold;,,p0[2*M+77]=threshold;,,p0[77*M+2]=threshold;
2,89,,p0[,*M+,]=threshold;,,p0[2*M+89]=threshold;,,p0[89*M+2]=threshold;
2,123,,p0[,*M+,]=threshold;,,p0[2*M+123]=threshold;,,p0[123*M+2]=threshold;
2,214,,p0[,*M+,]=threshold;,,p0[2*M+214]=threshold;,,p0[214*M+2]=threshold;
2,219,,p0[,*M+,]=threshold;,,p0[2*M+219]=threshold;,,p0[219*M+2]=threshold;
2,223,,p0[,*M+,]=threshold;,,p0[2*M+223]=threshold;,,p0[223*M+2]=threshold;
2,249,,p0[,*M+,]=threshold;,,p0[2*M+249]=threshold;,,p0[249*M+2]=threshold;
3,6,,p0[,*M+,]=threshold;,,p0[3*M+6]=threshold;,,p0[6*M+3]=threshold;
3,10,,p0[,*M+,]=threshold;,,p0[3*M+10]=threshold;,,p0[10*M+3]=threshold;
3,11,,p0[,*M+,]=threshold;,,p0[3*M+11]=threshold;,,p0[11*M+3]=threshold;
3,41,,p0[,*M+,]=threshold;,,p0[3*M+41]=threshold;,,p0[41*M+3]=threshold;
3,43,,p0[,*M+,]=threshold;,,p0[3*M+43]=threshold;,,p0[43*M+3]=threshold;
3,73,,p0[,*M+,]=threshold;,,p0[3*M+73]=threshold;,,p0[73*M+3]=threshold;
3,128,,p0[,*M+,]=threshold;,,p0[3*M+128]=threshold;,,p0[128*M+3]=threshold;
3,141,,p0[,*M+,]=threshold;,,p0[3*M+141]=threshold;,,p0[141*M+3]=threshold;
3,148,,p0[,*M+,]=threshold;,,p0[3*M+148]=threshold;,,p0[148*M+3]=threshold;
3,204,,p0[,*M+,]=threshold;,,p0[3*M+204]=threshold;,,p0[204*M+3]=threshold;
3,283,,p0[,*M+,]=threshold;,,p0[3*M+283]=threshold;,,p0[283*M+3]=threshold;
3,291,,p0[,*M+,]=threshold;,,p0[3*M+291]=threshold;,,p0[291*M+3]=threshold;
4,6,,p0[,*M+,]=threshold;,,p0[4*M+6]=threshold;,,p0[6*M+4]=threshold;
4,7,,p0[,*M+,]=threshold;,,p0[4*M+7]=threshold;,,p0[7*M+4]=threshold;
4,9,,p0[,*M+,]=threshold;,,p0[4*M+9]=threshold;,,p0[9*M+4]=threshold;
4,10,,p0[,*M+,]=threshold;,,p0[4*M+10]=threshold;,,p0[10*M+4]=threshold;
4,19,,p0[,*M+,]=threshold;,,p0[4*M+19]=threshold;,,p0[19*M+4]=threshold;
4,24,,p0[,*M+,]=threshold;,,p0[4*M+24]=threshold;,,p0[24*M+4]=threshold;
4,27,,p0[,*M+,]=threshold;,,p0[4*M+27]=threshold;,,p0[27*M+4]=threshold;
4,30,,p0[,*M+,]=threshold;,,p0[4*M+30]=threshold;,,p0[30*M+4]=threshold;
4,65,,p0[,*M+,]=threshold;,,p0[4*M+65]=threshold;,,p0[65*M+4]=threshold;
4,66,,p0[,*M+,]=threshold;,,p0[4*M+66]=threshold;,,p0[66*M+4]=threshold;
4,91,,p0[,*M+,]=threshold;,,p0[4*M+91]=threshold;,,p0[91*M+4]=threshold;
4,104,,p0[,*M+,]=threshold;,,p0[4*M+104]=threshold;,,p0[104*M+4]=threshold;
4,154,,p0[,*M+,]=threshold;,,p0[4*M+154]=threshold;,,p0[154*M+4]=threshold;
4,155,,p0[,*M+,]=threshold;,,p0[4*M+155]=threshold;,,p0[155*M+4]=threshold;
4,322,,p0[,*M+,]=threshold;,,p0[4*M+322]=threshold;,,p0[322*M+4]=threshold;
4,334,,p0[,*M+,]=threshold;,,p0[4*M+334]=threshold;,,p0[334*M+4]=threshold;
4,472,,p0[,*M+,]=threshold;,,p0[4*M+472]=threshold;,,p0[472*M+4]=threshold;
5,51,,p0[,*M+,]=threshold;,,p0[5*M+51]=threshold;,,p0[51*M+5]=threshold;
5,83,,p0[,*M+,]=threshold;,,p0[5*M+83]=threshold;,,p0[83*M+5]=threshold;
5,110,,p0[,*M+,]=threshold;,,p0[5*M+110]=threshold;,,p0[110*M+5]=threshold;
5,134,,p0[,*M+,]=threshold;,,p0[5*M+134]=threshold;,,p0[134*M+5]=threshold;
6,8,,p0[,*M+,]=threshold;,,p0[6*M+8]=threshold;,,p0[8*M+6]=threshold;
6,13,,p0[,*M+,]=threshold;,,p0[6*M+13]=threshold;,,p0[13*M+6]=threshold;
6,22,,p0[,*M+,]=threshold;,,p0[6*M+22]=threshold;,,p0[22*M+6]=threshold;
6,23,,p0[,*M+,]=threshold;,,p0[6*M+23]=threshold;,,p0[23*M+6]=threshold;
6,139,,p0[,*M+,]=threshold;,,p0[6*M+139]=threshold;,,p0[139*M+6]=threshold;
6,160,,p0[,*M+,]=threshold;,,p0[6*M+160]=threshold;,,p0[160*M+6]=threshold;
6,192,,p0[,*M+,]=threshold;,,p0[6*M+192]=threshold;,,p0[192*M+6]=threshold;
6,197,,p0[,*M+,]=threshold;,,p0[6*M+197]=threshold;,,p0[197*M+6]=threshold;
7,8,,p0[,*M+,]=threshold;,,p0[7*M+8]=threshold;,,p0[8*M+7]=threshold;
7,9,,p0[,*M+,]=threshold;,,p0[7*M+9]=threshold;,,p0[9*M+7]=threshold;
7,12,,p0[,*M+,]=threshold;,,p0[7*M+12]=threshold;,,p0[12*M+7]=threshold;
7,25,,p0[,*M+,]=threshold;,,p0[7*M+25]=threshold;,,p0[25*M+7]=threshold;
7,60,,p0[,*M+,]=threshold;,,p0[7*M+60]=threshold;,,p0[60*M+7]=threshold;
7,61,,p0[,*M+,]=threshold;,,p0[7*M+61]=threshold;,,p0[61*M+7]=threshold;
7,114,,p0[,*M+,]=threshold;,,p0[7*M+114]=threshold;,,p0[114*M+7]=threshold;
7,166,,p0[,*M+,]=threshold;,,p0[7*M+166]=threshold;,,p0[166*M+7]=threshold;
7,307,,p0[,*M+,]=threshold;,,p0[7*M+307]=threshold;,,p0[307*M+7]=threshold;
7,381,,p0[,*M+,]=threshold;,,p0[7*M+381]=threshold;,,p0[381*M+7]=threshold;
7,405,,p0[,*M+,]=threshold;,,p0[7*M+405]=threshold;,,p0[405*M+7]=threshold;
7,431,,p0[,*M+,]=threshold;,,p0[7*M+431]=threshold;,,p0[431*M+7]=threshold;
8,15,,p0[,*M+,]=threshold;,,p0[8*M+15]=threshold;,,p0[15*M+8]=threshold;
8,28,,p0[,*M+,]=threshold;,,p0[8*M+28]=threshold;,,p0[28*M+8]=threshold;
8,40,,p0[,*M+,]=threshold;,,p0[8*M+40]=threshold;,,p0[40*M+8]=threshold;
8,50,,p0[,*M+,]=threshold;,,p0[8*M+50]=threshold;,,p0[50*M+8]=threshold;
8,62,,p0[,*M+,]=threshold;,,p0[8*M+62]=threshold;,,p0[62*M+8]=threshold;
8,67,,p0[,*M+,]=threshold;,,p0[8*M+67]=threshold;,,p0[67*M+8]=threshold;
8,74,,p0[,*M+,]=threshold;,,p0[8*M+74]=threshold;,,p0[74*M+8]=threshold;
8,153,,p0[,*M+,]=threshold;,,p0[8*M+153]=threshold;,,p0[153*M+8]=threshold;
8,208,,p0[,*M+,]=threshold;,,p0[8*M+208]=threshold;,,p0[208*M+8]=threshold;
8,236,,p0[,*M+,]=threshold;,,p0[8*M+236]=threshold;,,p0[236*M+8]=threshold;
8,272,,p0[,*M+,]=threshold;,,p0[8*M+272]=threshold;,,p0[272*M+8]=threshold;
8,355,,p0[,*M+,]=threshold;,,p0[8*M+355]=threshold;,,p0[355*M+8]=threshold;
8,378,,p0[,*M+,]=threshold;,,p0[8*M+378]=threshold;,,p0[378*M+8]=threshold;
8,456,,p0[,*M+,]=threshold;,,p0[8*M+456]=threshold;,,p0[456*M+8]=threshold;
9,17,,p0[,*M+,]=threshold;,,p0[9*M+17]=threshold;,,p0[17*M+9]=threshold;
9,26,,p0[,*M+,]=threshold;,,p0[9*M+26]=threshold;,,p0[26*M+9]=threshold;
9,58,,p0[,*M+,]=threshold;,,p0[9*M+58]=threshold;,,p0[58*M+9]=threshold;
9,99,,p0[,*M+,]=threshold;,,p0[9*M+99]=threshold;,,p0[99*M+9]=threshold;
9,138,,p0[,*M+,]=threshold;,,p0[9*M+138]=threshold;,,p0[138*M+9]=threshold;
9,176,,p0[,*M+,]=threshold;,,p0[9*M+176]=threshold;,,p0[176*M+9]=threshold;
10,21,,p0[,*M+,]=threshold;,,p0[10*M+21]=threshold;,,p0[21*M+10]=threshold;
10,33,,p0[,*M+,]=threshold;,,p0[10*M+33]=threshold;,,p0[33*M+10]=threshold;
10,146,,p0[,*M+,]=threshold;,,p0[10*M+146]=threshold;,,p0[146*M+10]=threshold;
10,157,,p0[,*M+,]=threshold;,,p0[10*M+157]=threshold;,,p0[157*M+10]=threshold;
10,196,,p0[,*M+,]=threshold;,,p0[10*M+196]=threshold;,,p0[196*M+10]=threshold;
11,42,,p0[,*M+,]=threshold;,,p0[11*M+42]=threshold;,,p0[42*M+11]=threshold;
11,45,,p0[,*M+,]=threshold;,,p0[11*M+45]=threshold;,,p0[45*M+11]=threshold;
11,131,,p0[,*M+,]=threshold;,,p0[11*M+131]=threshold;,,p0[131*M+11]=threshold;
11,156,,p0[,*M+,]=threshold;,,p0[11*M+156]=threshold;,,p0[156*M+11]=threshold;
11,274,,p0[,*M+,]=threshold;,,p0[11*M+274]=threshold;,,p0[274*M+11]=threshold;
11,338,,p0[,*M+,]=threshold;,,p0[11*M+338]=threshold;,,p0[338*M+11]=threshold;
11,364,,p0[,*M+,]=threshold;,,p0[11*M+364]=threshold;,,p0[364*M+11]=threshold;
11,481,,p0[,*M+,]=threshold;,,p0[11*M+481]=threshold;,,p0[481*M+11]=threshold;
12,16,,p0[,*M+,]=threshold;,,p0[12*M+16]=threshold;,,p0[16*M+12]=threshold;
12,92,,p0[,*M+,]=threshold;,,p0[12*M+92]=threshold;,,p0[92*M+12]=threshold;
12,96,,p0[,*M+,]=threshold;,,p0[12*M+96]=threshold;,,p0[96*M+12]=threshold;
12,142,,p0[,*M+,]=threshold;,,p0[12*M+142]=threshold;,,p0[142*M+12]=threshold;
12,422,,p0[,*M+,]=threshold;,,p0[12*M+422]=threshold;,,p0[422*M+12]=threshold;
13,35,,p0[,*M+,]=threshold;,,p0[13*M+35]=threshold;,,p0[35*M+13]=threshold;
13,36,,p0[,*M+,]=threshold;,,p0[13*M+36]=threshold;,,p0[36*M+13]=threshold;
13,309,,p0[,*M+,]=threshold;,,p0[13*M+309]=threshold;,,p0[309*M+13]=threshold;
13,392,,p0[,*M+,]=threshold;,,p0[13*M+392]=threshold;,,p0[392*M+13]=threshold;
13,457,,p0[,*M+,]=threshold;,,p0[13*M+457]=threshold;,,p0[457*M+13]=threshold;
14,368,,p0[,*M+,]=threshold;,,p0[14*M+368]=threshold;,,p0[368*M+14]=threshold;
15,17,,p0[,*M+,]=threshold;,,p0[15*M+17]=threshold;,,p0[17*M+15]=threshold;
15,18,,p0[,*M+,]=threshold;,,p0[15*M+18]=threshold;,,p0[18*M+15]=threshold;
15,44,,p0[,*M+,]=threshold;,,p0[15*M+44]=threshold;,,p0[44*M+15]=threshold;
15,178,,p0[,*M+,]=threshold;,,p0[15*M+178]=threshold;,,p0[178*M+15]=threshold;
15,305,,p0[,*M+,]=threshold;,,p0[15*M+305]=threshold;,,p0[305*M+15]=threshold;
15,357,,p0[,*M+,]=threshold;,,p0[15*M+357]=threshold;,,p0[357*M+15]=threshold;
16,69,,p0[,*M+,]=threshold;,,p0[16*M+69]=threshold;,,p0[69*M+16]=threshold;
16,100,,p0[,*M+,]=threshold;,,p0[16*M+100]=threshold;,,p0[100*M+16]=threshold;
16,225,,p0[,*M+,]=threshold;,,p0[16*M+225]=threshold;,,p0[225*M+16]=threshold;
16,294,,p0[,*M+,]=threshold;,,p0[16*M+294]=threshold;,,p0[294*M+16]=threshold;
16,442,,p0[,*M+,]=threshold;,,p0[16*M+442]=threshold;,,p0[442*M+16]=threshold;
17,47,,p0[,*M+,]=threshold;,,p0[17*M+47]=threshold;,,p0[47*M+17]=threshold;
17,121,,p0[,*M+,]=threshold;,,p0[17*M+121]=threshold;,,p0[121*M+17]=threshold;
17,185,,p0[,*M+,]=threshold;,,p0[17*M+185]=threshold;,,p0[185*M+17]=threshold;
17,228,,p0[,*M+,]=threshold;,,p0[17*M+228]=threshold;,,p0[228*M+17]=threshold;
17,289,,p0[,*M+,]=threshold;,,p0[17*M+289]=threshold;,,p0[289*M+17]=threshold;
17,491,,p0[,*M+,]=threshold;,,p0[17*M+491]=threshold;,,p0[491*M+17]=threshold;
19,29,,p0[,*M+,]=threshold;,,p0[19*M+29]=threshold;,,p0[29*M+19]=threshold;
19,56,,p0[,*M+,]=threshold;,,p0[19*M+56]=threshold;,,p0[56*M+19]=threshold;
19,151,,p0[,*M+,]=threshold;,,p0[19*M+151]=threshold;,,p0[151*M+19]=threshold;
19,220,,p0[,*M+,]=threshold;,,p0[19*M+220]=threshold;,,p0[220*M+19]=threshold;
19,258,,p0[,*M+,]=threshold;,,p0[19*M+258]=threshold;,,p0[258*M+19]=threshold;
19,273,,p0[,*M+,]=threshold;,,p0[19*M+273]=threshold;,,p0[273*M+19]=threshold;
19,350,,p0[,*M+,]=threshold;,,p0[19*M+350]=threshold;,,p0[350*M+19]=threshold;
19,434,,p0[,*M+,]=threshold;,,p0[19*M+434]=threshold;,,p0[434*M+19]=threshold;
19,436,,p0[,*M+,]=threshold;,,p0[19*M+436]=threshold;,,p0[436*M+19]=threshold;
20,38,,p0[,*M+,]=threshold;,,p0[20*M+38]=threshold;,,p0[38*M+20]=threshold;
20,49,,p0[,*M+,]=threshold;,,p0[20*M+49]=threshold;,,p0[49*M+20]=threshold;
20,72,,p0[,*M+,]=threshold;,,p0[20*M+72]=threshold;,,p0[72*M+20]=threshold;
20,314,,p0[,*M+,]=threshold;,,p0[20*M+314]=threshold;,,p0[314*M+20]=threshold;
20,478,,p0[,*M+,]=threshold;,,p0[20*M+478]=threshold;,,p0[478*M+20]=threshold;
21,38,,p0[,*M+,]=threshold;,,p0[21*M+38]=threshold;,,p0[38*M+21]=threshold;
22,74,,p0[,*M+,]=threshold;,,p0[22*M+74]=threshold;,,p0[74*M+22]=threshold;
22,120,,p0[,*M+,]=threshold;,,p0[22*M+120]=threshold;,,p0[120*M+22]=threshold;
23,332,,p0[,*M+,]=threshold;,,p0[23*M+332]=threshold;,,p0[332*M+23]=threshold;
23,343,,p0[,*M+,]=threshold;,,p0[23*M+343]=threshold;,,p0[343*M+23]=threshold;
24,126,,p0[,*M+,]=threshold;,,p0[24*M+126]=threshold;,,p0[126*M+24]=threshold;
24,406,,p0[,*M+,]=threshold;,,p0[24*M+406]=threshold;,,p0[406*M+24]=threshold;
25,186,,p0[,*M+,]=threshold;,,p0[25*M+186]=threshold;,,p0[186*M+25]=threshold;
27,32,,p0[,*M+,]=threshold;,,p0[27*M+32]=threshold;,,p0[32*M+27]=threshold;
27,93,,p0[,*M+,]=threshold;,,p0[27*M+93]=threshold;,,p0[93*M+27]=threshold;
27,251,,p0[,*M+,]=threshold;,,p0[27*M+251]=threshold;,,p0[251*M+27]=threshold;
27,421,,p0[,*M+,]=threshold;,,p0[27*M+421]=threshold;,,p0[421*M+27]=threshold;
28,205,,p0[,*M+,]=threshold;,,p0[28*M+205]=threshold;,,p0[205*M+28]=threshold;
28,256,,p0[,*M+,]=threshold;,,p0[28*M+256]=threshold;,,p0[256*M+28]=threshold;
28,260,,p0[,*M+,]=threshold;,,p0[28*M+260]=threshold;,,p0[260*M+28]=threshold;
28,317,,p0[,*M+,]=threshold;,,p0[28*M+317]=threshold;,,p0[317*M+28]=threshold;
30,115,,p0[,*M+,]=threshold;,,p0[30*M+115]=threshold;,,p0[115*M+30]=threshold;
31,85,,p0[,*M+,]=threshold;,,p0[31*M+85]=threshold;,,p0[85*M+31]=threshold;
31,127,,p0[,*M+,]=threshold;,,p0[31*M+127]=threshold;,,p0[127*M+31]=threshold;
31,188,,p0[,*M+,]=threshold;,,p0[31*M+188]=threshold;,,p0[188*M+31]=threshold;
32,320,,p0[,*M+,]=threshold;,,p0[32*M+320]=threshold;,,p0[320*M+32]=threshold;
33,129,,p0[,*M+,]=threshold;,,p0[33*M+129]=threshold;,,p0[129*M+33]=threshold;
33,193,,p0[,*M+,]=threshold;,,p0[33*M+193]=threshold;,,p0[193*M+33]=threshold;
34,48,,p0[,*M+,]=threshold;,,p0[34*M+48]=threshold;,,p0[48*M+34]=threshold;
34,63,,p0[,*M+,]=threshold;,,p0[34*M+63]=threshold;,,p0[63*M+34]=threshold;
34,68,,p0[,*M+,]=threshold;,,p0[34*M+68]=threshold;,,p0[68*M+34]=threshold;
34,122,,p0[,*M+,]=threshold;,,p0[34*M+122]=threshold;,,p0[122*M+34]=threshold;
34,133,,p0[,*M+,]=threshold;,,p0[34*M+133]=threshold;,,p0[133*M+34]=threshold;
34,194,,p0[,*M+,]=threshold;,,p0[34*M+194]=threshold;,,p0[194*M+34]=threshold;
34,279,,p0[,*M+,]=threshold;,,p0[34*M+279]=threshold;,,p0[279*M+34]=threshold;
34,300,,p0[,*M+,]=threshold;,,p0[34*M+300]=threshold;,,p0[300*M+34]=threshold;
34,367,,p0[,*M+,]=threshold;,,p0[34*M+367]=threshold;,,p0[367*M+34]=threshold;
34,464,,p0[,*M+,]=threshold;,,p0[34*M+464]=threshold;,,p0[464*M+34]=threshold;
35,84,,p0[,*M+,]=threshold;,,p0[35*M+84]=threshold;,,p0[84*M+35]=threshold;
35,150,,p0[,*M+,]=threshold;,,p0[35*M+150]=threshold;,,p0[150*M+35]=threshold;
35,244,,p0[,*M+,]=threshold;,,p0[35*M+244]=threshold;,,p0[244*M+35]=threshold;
35,310,,p0[,*M+,]=threshold;,,p0[35*M+310]=threshold;,,p0[310*M+35]=threshold;
35,408,,p0[,*M+,]=threshold;,,p0[35*M+408]=threshold;,,p0[408*M+35]=threshold;
36,37,,p0[,*M+,]=threshold;,,p0[36*M+37]=threshold;,,p0[37*M+36]=threshold;
36,125,,p0[,*M+,]=threshold;,,p0[36*M+125]=threshold;,,p0[125*M+36]=threshold;
36,371,,p0[,*M+,]=threshold;,,p0[36*M+371]=threshold;,,p0[371*M+36]=threshold;
37,75,,p0[,*M+,]=threshold;,,p0[37*M+75]=threshold;,,p0[75*M+37]=threshold;
38,66,,p0[,*M+,]=threshold;,,p0[38*M+66]=threshold;,,p0[66*M+38]=threshold;
38,147,,p0[,*M+,]=threshold;,,p0[38*M+147]=threshold;,,p0[147*M+38]=threshold;
38,177,,p0[,*M+,]=threshold;,,p0[38*M+177]=threshold;,,p0[177*M+38]=threshold;
38,216,,p0[,*M+,]=threshold;,,p0[38*M+216]=threshold;,,p0[216*M+38]=threshold;
38,373,,p0[,*M+,]=threshold;,,p0[38*M+373]=threshold;,,p0[373*M+38]=threshold;
39,59,,p0[,*M+,]=threshold;,,p0[39*M+59]=threshold;,,p0[59*M+39]=threshold;
39,109,,p0[,*M+,]=threshold;,,p0[39*M+109]=threshold;,,p0[109*M+39]=threshold;
39,207,,p0[,*M+,]=threshold;,,p0[39*M+207]=threshold;,,p0[207*M+39]=threshold;
39,346,,p0[,*M+,]=threshold;,,p0[39*M+346]=threshold;,,p0[346*M+39]=threshold;
40,58,,p0[,*M+,]=threshold;,,p0[40*M+58]=threshold;,,p0[58*M+40]=threshold;
40,94,,p0[,*M+,]=threshold;,,p0[40*M+94]=threshold;,,p0[94*M+40]=threshold;
40,161,,p0[,*M+,]=threshold;,,p0[40*M+161]=threshold;,,p0[161*M+40]=threshold;
40,169,,p0[,*M+,]=threshold;,,p0[40*M+169]=threshold;,,p0[169*M+40]=threshold;
40,284,,p0[,*M+,]=threshold;,,p0[40*M+284]=threshold;,,p0[284*M+40]=threshold;
42,52,,p0[,*M+,]=threshold;,,p0[42*M+52]=threshold;,,p0[52*M+42]=threshold;
42,54,,p0[,*M+,]=threshold;,,p0[42*M+54]=threshold;,,p0[54*M+42]=threshold;
42,80,,p0[,*M+,]=threshold;,,p0[42*M+80]=threshold;,,p0[80*M+42]=threshold;
42,105,,p0[,*M+,]=threshold;,,p0[42*M+105]=threshold;,,p0[105*M+42]=threshold;
42,324,,p0[,*M+,]=threshold;,,p0[42*M+324]=threshold;,,p0[324*M+42]=threshold;
43,168,,p0[,*M+,]=threshold;,,p0[43*M+168]=threshold;,,p0[168*M+43]=threshold;
43,210,,p0[,*M+,]=threshold;,,p0[43*M+210]=threshold;,,p0[210*M+43]=threshold;
44,53,,p0[,*M+,]=threshold;,,p0[44*M+53]=threshold;,,p0[53*M+44]=threshold;
44,135,,p0[,*M+,]=threshold;,,p0[44*M+135]=threshold;,,p0[135*M+44]=threshold;
44,224,,p0[,*M+,]=threshold;,,p0[44*M+224]=threshold;,,p0[224*M+44]=threshold;
44,287,,p0[,*M+,]=threshold;,,p0[44*M+287]=threshold;,,p0[287*M+44]=threshold;
44,303,,p0[,*M+,]=threshold;,,p0[44*M+303]=threshold;,,p0[303*M+44]=threshold;
44,342,,p0[,*M+,]=threshold;,,p0[44*M+342]=threshold;,,p0[342*M+44]=threshold;
46,245,,p0[,*M+,]=threshold;,,p0[46*M+245]=threshold;,,p0[245*M+46]=threshold;
47,268,,p0[,*M+,]=threshold;,,p0[47*M+268]=threshold;,,p0[268*M+47]=threshold;
49,500,,p0[,*M+,]=threshold;,,p0[49*M+500]=threshold;,,p0[500*M+49]=threshold;
50,55,,p0[,*M+,]=threshold;,,p0[50*M+55]=threshold;,,p0[55*M+50]=threshold;
50,64,,p0[,*M+,]=threshold;,,p0[50*M+64]=threshold;,,p0[64*M+50]=threshold;
50,175,,p0[,*M+,]=threshold;,,p0[50*M+175]=threshold;,,p0[175*M+50]=threshold;
50,363,,p0[,*M+,]=threshold;,,p0[50*M+363]=threshold;,,p0[363*M+50]=threshold;
54,107,,p0[,*M+,]=threshold;,,p0[54*M+107]=threshold;,,p0[107*M+54]=threshold;
54,429,,p0[,*M+,]=threshold;,,p0[54*M+429]=threshold;,,p0[429*M+54]=threshold;
56,164,,p0[,*M+,]=threshold;,,p0[56*M+164]=threshold;,,p0[164*M+56]=threshold;
56,200,,p0[,*M+,]=threshold;,,p0[56*M+200]=threshold;,,p0[200*M+56]=threshold;
56,276,,p0[,*M+,]=threshold;,,p0[56*M+276]=threshold;,,p0[276*M+56]=threshold;
56,403,,p0[,*M+,]=threshold;,,p0[56*M+403]=threshold;,,p0[403*M+56]=threshold;
56,443,,p0[,*M+,]=threshold;,,p0[56*M+443]=threshold;,,p0[443*M+56]=threshold;
58,81,,p0[,*M+,]=threshold;,,p0[58*M+81]=threshold;,,p0[81*M+58]=threshold;
58,230,,p0[,*M+,]=threshold;,,p0[58*M+230]=threshold;,,p0[230*M+58]=threshold;
58,446,,p0[,*M+,]=threshold;,,p0[58*M+446]=threshold;,,p0[446*M+58]=threshold;
58,490,,p0[,*M+,]=threshold;,,p0[58*M+490]=threshold;,,p0[490*M+58]=threshold;
60,76,,p0[,*M+,]=threshold;,,p0[60*M+76]=threshold;,,p0[76*M+60]=threshold;
61,242,,p0[,*M+,]=threshold;,,p0[61*M+242]=threshold;,,p0[242*M+61]=threshold;
61,267,,p0[,*M+,]=threshold;,,p0[61*M+267]=threshold;,,p0[267*M+61]=threshold;
61,313,,p0[,*M+,]=threshold;,,p0[61*M+313]=threshold;,,p0[313*M+61]=threshold;
63,82,,p0[,*M+,]=threshold;,,p0[63*M+82]=threshold;,,p0[82*M+63]=threshold;
63,97,,p0[,*M+,]=threshold;,,p0[63*M+97]=threshold;,,p0[97*M+63]=threshold;
64,165,,p0[,*M+,]=threshold;,,p0[64*M+165]=threshold;,,p0[165*M+64]=threshold;
64,312,,p0[,*M+,]=threshold;,,p0[64*M+312]=threshold;,,p0[312*M+64]=threshold;
65,124,,p0[,*M+,]=threshold;,,p0[65*M+124]=threshold;,,p0[124*M+65]=threshold;
66,90,,p0[,*M+,]=threshold;,,p0[66*M+90]=threshold;,,p0[90*M+66]=threshold;
66,111,,p0[,*M+,]=threshold;,,p0[66*M+111]=threshold;,,p0[111*M+66]=threshold;
66,116,,p0[,*M+,]=threshold;,,p0[66*M+116]=threshold;,,p0[116*M+66]=threshold;
66,173,,p0[,*M+,]=threshold;,,p0[66*M+173]=threshold;,,p0[173*M+66]=threshold;
66,191,,p0[,*M+,]=threshold;,,p0[66*M+191]=threshold;,,p0[191*M+66]=threshold;
66,498,,p0[,*M+,]=threshold;,,p0[66*M+498]=threshold;,,p0[498*M+66]=threshold;
67,286,,p0[,*M+,]=threshold;,,p0[67*M+286]=threshold;,,p0[286*M+67]=threshold;
68,118,,p0[,*M+,]=threshold;,,p0[68*M+118]=threshold;,,p0[118*M+68]=threshold;
68,163,,p0[,*M+,]=threshold;,,p0[68*M+163]=threshold;,,p0[163*M+68]=threshold;
68,240,,p0[,*M+,]=threshold;,,p0[68*M+240]=threshold;,,p0[240*M+68]=threshold;
68,477,,p0[,*M+,]=threshold;,,p0[68*M+477]=threshold;,,p0[477*M+68]=threshold;
69,79,,p0[,*M+,]=threshold;,,p0[69*M+79]=threshold;,,p0[79*M+69]=threshold;
70,102,,p0[,*M+,]=threshold;,,p0[70*M+102]=threshold;,,p0[102*M+70]=threshold;
70,174,,p0[,*M+,]=threshold;,,p0[70*M+174]=threshold;,,p0[174*M+70]=threshold;
70,189,,p0[,*M+,]=threshold;,,p0[70*M+189]=threshold;,,p0[189*M+70]=threshold;
70,211,,p0[,*M+,]=threshold;,,p0[70*M+211]=threshold;,,p0[211*M+70]=threshold;
71,78,,p0[,*M+,]=threshold;,,p0[71*M+78]=threshold;,,p0[78*M+71]=threshold;
71,86,,p0[,*M+,]=threshold;,,p0[71*M+86]=threshold;,,p0[86*M+71]=threshold;
71,152,,p0[,*M+,]=threshold;,,p0[71*M+152]=threshold;,,p0[152*M+71]=threshold;
72,101,,p0[,*M+,]=threshold;,,p0[72*M+101]=threshold;,,p0[101*M+72]=threshold;
72,271,,p0[,*M+,]=threshold;,,p0[72*M+271]=threshold;,,p0[271*M+72]=threshold;
72,362,,p0[,*M+,]=threshold;,,p0[72*M+362]=threshold;,,p0[362*M+72]=threshold;
73,88,,p0[,*M+,]=threshold;,,p0[73*M+88]=threshold;,,p0[88*M+73]=threshold;
74,323,,p0[,*M+,]=threshold;,,p0[74*M+323]=threshold;,,p0[323*M+74]=threshold;
77,87,,p0[,*M+,]=threshold;,,p0[77*M+87]=threshold;,,p0[87*M+77]=threshold;
77,220,,p0[,*M+,]=threshold;,,p0[77*M+220]=threshold;,,p0[220*M+77]=threshold;
78,171,,p0[,*M+,]=threshold;,,p0[78*M+171]=threshold;,,p0[171*M+78]=threshold;
78,275,,p0[,*M+,]=threshold;,,p0[78*M+275]=threshold;,,p0[275*M+78]=threshold;
79,426,,p0[,*M+,]=threshold;,,p0[79*M+426]=threshold;,,p0[426*M+79]=threshold;
81,347,,p0[,*M+,]=threshold;,,p0[81*M+347]=threshold;,,p0[347*M+81]=threshold;
83,119,,p0[,*M+,]=threshold;,,p0[83*M+119]=threshold;,,p0[119*M+83]=threshold;
83,238,,p0[,*M+,]=threshold;,,p0[83*M+238]=threshold;,,p0[238*M+83]=threshold;
83,335,,p0[,*M+,]=threshold;,,p0[83*M+335]=threshold;,,p0[335*M+83]=threshold;
83,415,,p0[,*M+,]=threshold;,,p0[83*M+415]=threshold;,,p0[415*M+83]=threshold;
85,98,,p0[,*M+,]=threshold;,,p0[85*M+98]=threshold;,,p0[98*M+85]=threshold;
85,145,,p0[,*M+,]=threshold;,,p0[85*M+145]=threshold;,,p0[145*M+85]=threshold;
85,231,,p0[,*M+,]=threshold;,,p0[85*M+231]=threshold;,,p0[231*M+85]=threshold;
85,277,,p0[,*M+,]=threshold;,,p0[85*M+277]=threshold;,,p0[277*M+85]=threshold;
85,298,,p0[,*M+,]=threshold;,,p0[85*M+298]=threshold;,,p0[298*M+85]=threshold;
85,326,,p0[,*M+,]=threshold;,,p0[85*M+326]=threshold;,,p0[326*M+85]=threshold;
85,488,,p0[,*M+,]=threshold;,,p0[85*M+488]=threshold;,,p0[488*M+85]=threshold;
88,474,,p0[,*M+,]=threshold;,,p0[88*M+474]=threshold;,,p0[474*M+88]=threshold;
89,344,,p0[,*M+,]=threshold;,,p0[89*M+344]=threshold;,,p0[344*M+89]=threshold;
90,201,,p0[,*M+,]=threshold;,,p0[90*M+201]=threshold;,,p0[201*M+90]=threshold;
93,95,,p0[,*M+,]=threshold;,,p0[93*M+95]=threshold;,,p0[95*M+93]=threshold;
93,352,,p0[,*M+,]=threshold;,,p0[93*M+352]=threshold;,,p0[352*M+93]=threshold;
94,115,,p0[,*M+,]=threshold;,,p0[94*M+115]=threshold;,,p0[115*M+94]=threshold;
95,465,,p0[,*M+,]=threshold;,,p0[95*M+465]=threshold;,,p0[465*M+95]=threshold;
95,482,,p0[,*M+,]=threshold;,,p0[95*M+482]=threshold;,,p0[482*M+95]=threshold;
96,143,,p0[,*M+,]=threshold;,,p0[96*M+143]=threshold;,,p0[143*M+96]=threshold;
96,494,,p0[,*M+,]=threshold;,,p0[96*M+494]=threshold;,,p0[494*M+96]=threshold;
97,227,,p0[,*M+,]=threshold;,,p0[97*M+227]=threshold;,,p0[227*M+97]=threshold;
98,243,,p0[,*M+,]=threshold;,,p0[98*M+243]=threshold;,,p0[243*M+98]=threshold;
98,349,,p0[,*M+,]=threshold;,,p0[98*M+349]=threshold;,,p0[349*M+98]=threshold;
99,103,,p0[,*M+,]=threshold;,,p0[99*M+103]=threshold;,,p0[103*M+99]=threshold;
99,217,,p0[,*M+,]=threshold;,,p0[99*M+217]=threshold;,,p0[217*M+99]=threshold;
99,241,,p0[,*M+,]=threshold;,,p0[99*M+241]=threshold;,,p0[241*M+99]=threshold;
100,106,,p0[,*M+,]=threshold;,,p0[100*M+106]=threshold;,,p0[106*M+100]=threshold;
100,345,,p0[,*M+,]=threshold;,,p0[100*M+345]=threshold;,,p0[345*M+100]=threshold;
101,117,,p0[,*M+,]=threshold;,,p0[101*M+117]=threshold;,,p0[117*M+101]=threshold;
101,198,,p0[,*M+,]=threshold;,,p0[101*M+198]=threshold;,,p0[198*M+101]=threshold;
102,485,,p0[,*M+,]=threshold;,,p0[102*M+485]=threshold;,,p0[485*M+102]=threshold;
105,297,,p0[,*M+,]=threshold;,,p0[105*M+297]=threshold;,,p0[297*M+105]=threshold;
107,132,,p0[,*M+,]=threshold;,,p0[107*M+132]=threshold;,,p0[132*M+107]=threshold;
107,212,,p0[,*M+,]=threshold;,,p0[107*M+212]=threshold;,,p0[212*M+107]=threshold;
107,222,,p0[,*M+,]=threshold;,,p0[107*M+222]=threshold;,,p0[222*M+107]=threshold;
108,159,,p0[,*M+,]=threshold;,,p0[108*M+159]=threshold;,,p0[159*M+108]=threshold;
108,391,,p0[,*M+,]=threshold;,,p0[108*M+391]=threshold;,,p0[391*M+108]=threshold;
109,112,,p0[,*M+,]=threshold;,,p0[109*M+112]=threshold;,,p0[112*M+109]=threshold;
109,172,,p0[,*M+,]=threshold;,,p0[109*M+172]=threshold;,,p0[172*M+109]=threshold;
109,181,,p0[,*M+,]=threshold;,,p0[109*M+181]=threshold;,,p0[181*M+109]=threshold;
109,330,,p0[,*M+,]=threshold;,,p0[109*M+330]=threshold;,,p0[330*M+109]=threshold;
109,414,,p0[,*M+,]=threshold;,,p0[109*M+414]=threshold;,,p0[414*M+109]=threshold;
109,424,,p0[,*M+,]=threshold;,,p0[109*M+424]=threshold;,,p0[424*M+109]=threshold;
110,238,,p0[,*M+,]=threshold;,,p0[110*M+238]=threshold;,,p0[238*M+110]=threshold;
111,179,,p0[,*M+,]=threshold;,,p0[111*M+179]=threshold;,,p0[179*M+111]=threshold;
111,206,,p0[,*M+,]=threshold;,,p0[111*M+206]=threshold;,,p0[206*M+111]=threshold;
111,265,,p0[,*M+,]=threshold;,,p0[111*M+265]=threshold;,,p0[265*M+111]=threshold;
111,319,,p0[,*M+,]=threshold;,,p0[111*M+319]=threshold;,,p0[319*M+111]=threshold;
114,295,,p0[,*M+,]=threshold;,,p0[114*M+295]=threshold;,,p0[295*M+114]=threshold;
114,461,,p0[,*M+,]=threshold;,,p0[114*M+461]=threshold;,,p0[461*M+114]=threshold;
116,130,,p0[,*M+,]=threshold;,,p0[116*M+130]=threshold;,,p0[130*M+116]=threshold;
116,170,,p0[,*M+,]=threshold;,,p0[116*M+170]=threshold;,,p0[170*M+116]=threshold;
116,356,,p0[,*M+,]=threshold;,,p0[116*M+356]=threshold;,,p0[356*M+116]=threshold;
118,140,,p0[,*M+,]=threshold;,,p0[118*M+140]=threshold;,,p0[140*M+118]=threshold;
119,480,,p0[,*M+,]=threshold;,,p0[119*M+480]=threshold;,,p0[480*M+119]=threshold;
120,215,,p0[,*M+,]=threshold;,,p0[120*M+215]=threshold;,,p0[215*M+120]=threshold;
121,202,,p0[,*M+,]=threshold;,,p0[121*M+202]=threshold;,,p0[202*M+121]=threshold;
122,149,,p0[,*M+,]=threshold;,,p0[122*M+149]=threshold;,,p0[149*M+122]=threshold;
122,229,,p0[,*M+,]=threshold;,,p0[122*M+229]=threshold;,,p0[229*M+122]=threshold;
123,182,,p0[,*M+,]=threshold;,,p0[123*M+182]=threshold;,,p0[182*M+123]=threshold;
125,463,,p0[,*M+,]=threshold;,,p0[125*M+463]=threshold;,,p0[463*M+125]=threshold;
129,187,,p0[,*M+,]=threshold;,,p0[129*M+187]=threshold;,,p0[187*M+129]=threshold;
129,288,,p0[,*M+,]=threshold;,,p0[129*M+288]=threshold;,,p0[288*M+129]=threshold;
129,382,,p0[,*M+,]=threshold;,,p0[129*M+382]=threshold;,,p0[382*M+129]=threshold;
130,388,,p0[,*M+,]=threshold;,,p0[130*M+388]=threshold;,,p0[388*M+130]=threshold;
131,136,,p0[,*M+,]=threshold;,,p0[131*M+136]=threshold;,,p0[136*M+131]=threshold;
131,137,,p0[,*M+,]=threshold;,,p0[131*M+137]=threshold;,,p0[137*M+131]=threshold;
131,469,,p0[,*M+,]=threshold;,,p0[131*M+469]=threshold;,,p0[469*M+131]=threshold;
134,270,,p0[,*M+,]=threshold;,,p0[134*M+270]=threshold;,,p0[270*M+134]=threshold;
135,278,,p0[,*M+,]=threshold;,,p0[135*M+278]=threshold;,,p0[278*M+135]=threshold;
136,290,,p0[,*M+,]=threshold;,,p0[136*M+290]=threshold;,,p0[290*M+136]=threshold;
137,144,,p0[,*M+,]=threshold;,,p0[137*M+144]=threshold;,,p0[144*M+137]=threshold;
137,308,,p0[,*M+,]=threshold;,,p0[137*M+308]=threshold;,,p0[308*M+137]=threshold;
138,254,,p0[,*M+,]=threshold;,,p0[138*M+254]=threshold;,,p0[254*M+138]=threshold;
139,158,,p0[,*M+,]=threshold;,,p0[139*M+158]=threshold;,,p0[158*M+139]=threshold;
140,398,,p0[,*M+,]=threshold;,,p0[140*M+398]=threshold;,,p0[398*M+140]=threshold;
141,376,,p0[,*M+,]=threshold;,,p0[141*M+376]=threshold;,,p0[376*M+141]=threshold;
143,162,,p0[,*M+,]=threshold;,,p0[143*M+162]=threshold;,,p0[162*M+143]=threshold;
143,263,,p0[,*M+,]=threshold;,,p0[143*M+263]=threshold;,,p0[263*M+143]=threshold;
143,341,,p0[,*M+,]=threshold;,,p0[143*M+341]=threshold;,,p0[341*M+143]=threshold;
144,180,,p0[,*M+,]=threshold;,,p0[144*M+180]=threshold;,,p0[180*M+144]=threshold;
144,211,,p0[,*M+,]=threshold;,,p0[144*M+211]=threshold;,,p0[211*M+144]=threshold;
145,190,,p0[,*M+,]=threshold;,,p0[145*M+190]=threshold;,,p0[190*M+145]=threshold;
145,304,,p0[,*M+,]=threshold;,,p0[145*M+304]=threshold;,,p0[304*M+145]=threshold;
145,369,,p0[,*M+,]=threshold;,,p0[145*M+369]=threshold;,,p0[369*M+145]=threshold;
146,184,,p0[,*M+,]=threshold;,,p0[146*M+184]=threshold;,,p0[184*M+146]=threshold;
146,248,,p0[,*M+,]=threshold;,,p0[146*M+248]=threshold;,,p0[248*M+146]=threshold;
146,331,,p0[,*M+,]=threshold;,,p0[146*M+331]=threshold;,,p0[331*M+146]=threshold;
146,378,,p0[,*M+,]=threshold;,,p0[146*M+378]=threshold;,,p0[378*M+146]=threshold;
146,410,,p0[,*M+,]=threshold;,,p0[146*M+410]=threshold;,,p0[410*M+146]=threshold;
147,454,,p0[,*M+,]=threshold;,,p0[147*M+454]=threshold;,,p0[454*M+147]=threshold;
148,167,,p0[,*M+,]=threshold;,,p0[148*M+167]=threshold;,,p0[167*M+148]=threshold;
148,183,,p0[,*M+,]=threshold;,,p0[148*M+183]=threshold;,,p0[183*M+148]=threshold;
148,302,,p0[,*M+,]=threshold;,,p0[148*M+302]=threshold;,,p0[302*M+148]=threshold;
150,203,,p0[,*M+,]=threshold;,,p0[150*M+203]=threshold;,,p0[203*M+150]=threshold;
151,301,,p0[,*M+,]=threshold;,,p0[151*M+301]=threshold;,,p0[301*M+151]=threshold;
151,407,,p0[,*M+,]=threshold;,,p0[151*M+407]=threshold;,,p0[407*M+151]=threshold;
152,159,,p0[,*M+,]=threshold;,,p0[152*M+159]=threshold;,,p0[159*M+152]=threshold;
152,209,,p0[,*M+,]=threshold;,,p0[152*M+209]=threshold;,,p0[209*M+152]=threshold;
153,253,,p0[,*M+,]=threshold;,,p0[153*M+253]=threshold;,,p0[253*M+153]=threshold;
153,264,,p0[,*M+,]=threshold;,,p0[153*M+264]=threshold;,,p0[264*M+153]=threshold;
153,282,,p0[,*M+,]=threshold;,,p0[153*M+282]=threshold;,,p0[282*M+153]=threshold;
155,311,,p0[,*M+,]=threshold;,,p0[155*M+311]=threshold;,,p0[311*M+155]=threshold;
156,374,,p0[,*M+,]=threshold;,,p0[156*M+374]=threshold;,,p0[374*M+156]=threshold;
158,497,,p0[,*M+,]=threshold;,,p0[158*M+497]=threshold;,,p0[497*M+158]=threshold;
159,318,,p0[,*M+,]=threshold;,,p0[159*M+318]=threshold;,,p0[318*M+159]=threshold;
161,255,,p0[,*M+,]=threshold;,,p0[161*M+255]=threshold;,,p0[255*M+161]=threshold;
161,266,,p0[,*M+,]=threshold;,,p0[161*M+266]=threshold;,,p0[266*M+161]=threshold;
161,448,,p0[,*M+,]=threshold;,,p0[161*M+448]=threshold;,,p0[448*M+161]=threshold;
162,370,,p0[,*M+,]=threshold;,,p0[162*M+370]=threshold;,,p0[370*M+162]=threshold;
163,449,,p0[,*M+,]=threshold;,,p0[163*M+449]=threshold;,,p0[449*M+163]=threshold;
164,359,,p0[,*M+,]=threshold;,,p0[164*M+359]=threshold;,,p0[359*M+164]=threshold;
165,218,,p0[,*M+,]=threshold;,,p0[165*M+218]=threshold;,,p0[218*M+165]=threshold;
165,413,,p0[,*M+,]=threshold;,,p0[165*M+413]=threshold;,,p0[413*M+165]=threshold;
167,247,,p0[,*M+,]=threshold;,,p0[167*M+247]=threshold;,,p0[247*M+167]=threshold;
168,195,,p0[,*M+,]=threshold;,,p0[168*M+195]=threshold;,,p0[195*M+168]=threshold;
171,447,,p0[,*M+,]=threshold;,,p0[171*M+447]=threshold;,,p0[447*M+171]=threshold;
173,234,,p0[,*M+,]=threshold;,,p0[173*M+234]=threshold;,,p0[234*M+173]=threshold;
173,293,,p0[,*M+,]=threshold;,,p0[173*M+293]=threshold;,,p0[293*M+173]=threshold;
175,265,,p0[,*M+,]=threshold;,,p0[175*M+265]=threshold;,,p0[265*M+175]=threshold;
175,383,,p0[,*M+,]=threshold;,,p0[175*M+383]=threshold;,,p0[383*M+175]=threshold;
180,397,,p0[,*M+,]=threshold;,,p0[180*M+397]=threshold;,,p0[397*M+180]=threshold;
186,252,,p0[,*M+,]=threshold;,,p0[186*M+252]=threshold;,,p0[252*M+186]=threshold;
186,261,,p0[,*M+,]=threshold;,,p0[186*M+261]=threshold;,,p0[261*M+186]=threshold;
186,366,,p0[,*M+,]=threshold;,,p0[186*M+366]=threshold;,,p0[366*M+186]=threshold;
188,199,,p0[,*M+,]=threshold;,,p0[188*M+199]=threshold;,,p0[199*M+188]=threshold;
188,213,,p0[,*M+,]=threshold;,,p0[188*M+213]=threshold;,,p0[213*M+188]=threshold;
188,221,,p0[,*M+,]=threshold;,,p0[188*M+221]=threshold;,,p0[221*M+188]=threshold;
188,329,,p0[,*M+,]=threshold;,,p0[188*M+329]=threshold;,,p0[329*M+188]=threshold;
188,483,,p0[,*M+,]=threshold;,,p0[188*M+483]=threshold;,,p0[483*M+188]=threshold;
192,258,,p0[,*M+,]=threshold;,,p0[192*M+258]=threshold;,,p0[258*M+192]=threshold;
193,393,,p0[,*M+,]=threshold;,,p0[193*M+393]=threshold;,,p0[393*M+193]=threshold;
194,419,,p0[,*M+,]=threshold;,,p0[194*M+419]=threshold;,,p0[419*M+194]=threshold;
195,440,,p0[,*M+,]=threshold;,,p0[195*M+440]=threshold;,,p0[440*M+195]=threshold;
196,232,,p0[,*M+,]=threshold;,,p0[196*M+232]=threshold;,,p0[232*M+196]=threshold;
197,226,,p0[,*M+,]=threshold;,,p0[197*M+226]=threshold;,,p0[226*M+197]=threshold;
198,237,,p0[,*M+,]=threshold;,,p0[198*M+237]=threshold;,,p0[237*M+198]=threshold;
198,409,,p0[,*M+,]=threshold;,,p0[198*M+409]=threshold;,,p0[409*M+198]=threshold;
202,250,,p0[,*M+,]=threshold;,,p0[202*M+250]=threshold;,,p0[250*M+202]=threshold;
202,257,,p0[,*M+,]=threshold;,,p0[202*M+257]=threshold;,,p0[257*M+202]=threshold;
204,239,,p0[,*M+,]=threshold;,,p0[204*M+239]=threshold;,,p0[239*M+204]=threshold;
204,292,,p0[,*M+,]=threshold;,,p0[204*M+292]=threshold;,,p0[292*M+204]=threshold;
205,384,,p0[,*M+,]=threshold;,,p0[205*M+384]=threshold;,,p0[384*M+205]=threshold;
216,259,,p0[,*M+,]=threshold;,,p0[216*M+259]=threshold;,,p0[259*M+216]=threshold;
216,269,,p0[,*M+,]=threshold;,,p0[216*M+269]=threshold;,,p0[269*M+216]=threshold;
216,285,,p0[,*M+,]=threshold;,,p0[216*M+285]=threshold;,,p0[285*M+216]=threshold;
216,473,,p0[,*M+,]=threshold;,,p0[216*M+473]=threshold;,,p0[473*M+216]=threshold;
219,321,,p0[,*M+,]=threshold;,,p0[219*M+321]=threshold;,,p0[321*M+219]=threshold;
219,375,,p0[,*M+,]=threshold;,,p0[219*M+375]=threshold;,,p0[375*M+219]=threshold;
219,496,,p0[,*M+,]=threshold;,,p0[219*M+496]=threshold;,,p0[496*M+219]=threshold;
220,372,,p0[,*M+,]=threshold;,,p0[220*M+372]=threshold;,,p0[372*M+220]=threshold;
221,306,,p0[,*M+,]=threshold;,,p0[221*M+306]=threshold;,,p0[306*M+221]=threshold;
222,235,,p0[,*M+,]=threshold;,,p0[222*M+235]=threshold;,,p0[235*M+222]=threshold;
223,351,,p0[,*M+,]=threshold;,,p0[223*M+351]=threshold;,,p0[351*M+223]=threshold;
228,233,,p0[,*M+,]=threshold;,,p0[228*M+233]=threshold;,,p0[233*M+228]=threshold;
228,281,,p0[,*M+,]=threshold;,,p0[228*M+281]=threshold;,,p0[281*M+228]=threshold;
229,467,,p0[,*M+,]=threshold;,,p0[229*M+467]=threshold;,,p0[467*M+229]=threshold;
230,390,,p0[,*M+,]=threshold;,,p0[230*M+390]=threshold;,,p0[390*M+230]=threshold;
233,365,,p0[,*M+,]=threshold;,,p0[233*M+365]=threshold;,,p0[365*M+233]=threshold;
235,296,,p0[,*M+,]=threshold;,,p0[235*M+296]=threshold;,,p0[296*M+235]=threshold;
235,495,,p0[,*M+,]=threshold;,,p0[235*M+495]=threshold;,,p0[495*M+235]=threshold;
237,386,,p0[,*M+,]=threshold;,,p0[237*M+386]=threshold;,,p0[386*M+237]=threshold;
237,432,,p0[,*M+,]=threshold;,,p0[237*M+432]=threshold;,,p0[432*M+237]=threshold;
239,435,,p0[,*M+,]=threshold;,,p0[239*M+435]=threshold;,,p0[435*M+239]=threshold;
242,389,,p0[,*M+,]=threshold;,,p0[242*M+389]=threshold;,,p0[389*M+242]=threshold;
242,486,,p0[,*M+,]=threshold;,,p0[242*M+486]=threshold;,,p0[486*M+242]=threshold;
243,246,,p0[,*M+,]=threshold;,,p0[243*M+246]=threshold;,,p0[246*M+243]=threshold;
245,420,,p0[,*M+,]=threshold;,,p0[245*M+420]=threshold;,,p0[420*M+245]=threshold;
245,441,,p0[,*M+,]=threshold;,,p0[245*M+441]=threshold;,,p0[441*M+245]=threshold;
246,262,,p0[,*M+,]=threshold;,,p0[246*M+262]=threshold;,,p0[262*M+246]=threshold;
255,333,,p0[,*M+,]=threshold;,,p0[255*M+333]=threshold;,,p0[333*M+255]=threshold;
255,489,,p0[,*M+,]=threshold;,,p0[255*M+489]=threshold;,,p0[489*M+255]=threshold;
256,418,,p0[,*M+,]=threshold;,,p0[256*M+418]=threshold;,,p0[418*M+256]=threshold;
258,280,,p0[,*M+,]=threshold;,,p0[258*M+280]=threshold;,,p0[280*M+258]=threshold;
258,427,,p0[,*M+,]=threshold;,,p0[258*M+427]=threshold;,,p0[427*M+258]=threshold;
259,339,,p0[,*M+,]=threshold;,,p0[259*M+339]=threshold;,,p0[339*M+259]=threshold;
261,437,,p0[,*M+,]=threshold;,,p0[261*M+437]=threshold;,,p0[437*M+261]=threshold;
262,412,,p0[,*M+,]=threshold;,,p0[262*M+412]=threshold;,,p0[412*M+262]=threshold;
262,462,,p0[,*M+,]=threshold;,,p0[262*M+462]=threshold;,,p0[462*M+262]=threshold;
263,401,,p0[,*M+,]=threshold;,,p0[263*M+401]=threshold;,,p0[401*M+263]=threshold;
266,353,,p0[,*M+,]=threshold;,,p0[266*M+353]=threshold;,,p0[353*M+266]=threshold;
266,360,,p0[,*M+,]=threshold;,,p0[266*M+360]=threshold;,,p0[360*M+266]=threshold;
267,336,,p0[,*M+,]=threshold;,,p0[267*M+336]=threshold;,,p0[336*M+267]=threshold;
267,337,,p0[,*M+,]=threshold;,,p0[267*M+337]=threshold;,,p0[337*M+267]=threshold;
267,417,,p0[,*M+,]=threshold;,,p0[267*M+417]=threshold;,,p0[417*M+267]=threshold;
271,394,,p0[,*M+,]=threshold;,,p0[271*M+394]=threshold;,,p0[394*M+271]=threshold;
273,299,,p0[,*M+,]=threshold;,,p0[273*M+299]=threshold;,,p0[299*M+273]=threshold;
275,354,,p0[,*M+,]=threshold;,,p0[275*M+354]=threshold;,,p0[354*M+275]=threshold;
276,377,,p0[,*M+,]=threshold;,,p0[276*M+377]=threshold;,,p0[377*M+276]=threshold;
277,348,,p0[,*M+,]=threshold;,,p0[277*M+348]=threshold;,,p0[348*M+277]=threshold;
278,327,,p0[,*M+,]=threshold;,,p0[278*M+327]=threshold;,,p0[327*M+278]=threshold;
278,416,,p0[,*M+,]=threshold;,,p0[278*M+416]=threshold;,,p0[416*M+278]=threshold;
280,325,,p0[,*M+,]=threshold;,,p0[280*M+325]=threshold;,,p0[325*M+280]=threshold;
283,451,,p0[,*M+,]=threshold;,,p0[283*M+451]=threshold;,,p0[451*M+283]=threshold;
286,396,,p0[,*M+,]=threshold;,,p0[286*M+396]=threshold;,,p0[396*M+286]=threshold;
286,458,,p0[,*M+,]=threshold;,,p0[286*M+458]=threshold;,,p0[458*M+286]=threshold;
287,328,,p0[,*M+,]=threshold;,,p0[287*M+328]=threshold;,,p0[328*M+287]=threshold;
287,430,,p0[,*M+,]=threshold;,,p0[287*M+430]=threshold;,,p0[430*M+287]=threshold;
290,444,,p0[,*M+,]=threshold;,,p0[290*M+444]=threshold;,,p0[444*M+290]=threshold;
291,400,,p0[,*M+,]=threshold;,,p0[291*M+400]=threshold;,,p0[400*M+291]=threshold;
292,315,,p0[,*M+,]=threshold;,,p0[292*M+315]=threshold;,,p0[315*M+292]=threshold;
297,387,,p0[,*M+,]=threshold;,,p0[297*M+387]=threshold;,,p0[387*M+297]=threshold;
298,361,,p0[,*M+,]=threshold;,,p0[298*M+361]=threshold;,,p0[361*M+298]=threshold;
298,402,,p0[,*M+,]=threshold;,,p0[298*M+402]=threshold;,,p0[402*M+298]=threshold;
299,487,,p0[,*M+,]=threshold;,,p0[299*M+487]=threshold;,,p0[487*M+299]=threshold;
302,310,,p0[,*M+,]=threshold;,,p0[302*M+310]=threshold;,,p0[310*M+302]=threshold;
303,358,,p0[,*M+,]=threshold;,,p0[303*M+358]=threshold;,,p0[358*M+303]=threshold;
304,399,,p0[,*M+,]=threshold;,,p0[304*M+399]=threshold;,,p0[399*M+304]=threshold;
305,316,,p0[,*M+,]=threshold;,,p0[305*M+316]=threshold;,,p0[316*M+305]=threshold;
311,340,,p0[,*M+,]=threshold;,,p0[311*M+340]=threshold;,,p0[340*M+311]=threshold;
313,411,,p0[,*M+,]=threshold;,,p0[313*M+411]=threshold;,,p0[411*M+313]=threshold;
319,379,,p0[,*M+,]=threshold;,,p0[319*M+379]=threshold;,,p0[379*M+319]=threshold;
328,385,,p0[,*M+,]=threshold;,,p0[328*M+385]=threshold;,,p0[385*M+328]=threshold;
329,395,,p0[,*M+,]=threshold;,,p0[329*M+395]=threshold;,,p0[395*M+329]=threshold;
329,470,,p0[,*M+,]=threshold;,,p0[329*M+470]=threshold;,,p0[470*M+329]=threshold;
330,355,,p0[,*M+,]=threshold;,,p0[330*M+355]=threshold;,,p0[355*M+330]=threshold;
333,404,,p0[,*M+,]=threshold;,,p0[333*M+404]=threshold;,,p0[404*M+333]=threshold;
334,380,,p0[,*M+,]=threshold;,,p0[334*M+380]=threshold;,,p0[380*M+334]=threshold;
340,439,,p0[,*M+,]=threshold;,,p0[340*M+439]=threshold;,,p0[439*M+340]=threshold;
350,471,,p0[,*M+,]=threshold;,,p0[350*M+471]=threshold;,,p0[471*M+350]=threshold;
350,484,,p0[,*M+,]=threshold;,,p0[350*M+484]=threshold;,,p0[484*M+350]=threshold;
352,452,,p0[,*M+,]=threshold;,,p0[352*M+452]=threshold;,,p0[452*M+352]=threshold;
353,428,,p0[,*M+,]=threshold;,,p0[353*M+428]=threshold;,,p0[428*M+353]=threshold;
356,423,,p0[,*M+,]=threshold;,,p0[356*M+423]=threshold;,,p0[423*M+356]=threshold;
357,438,,p0[,*M+,]=threshold;,,p0[357*M+438]=threshold;,,p0[438*M+357]=threshold;
365,455,,p0[,*M+,]=threshold;,,p0[365*M+455]=threshold;,,p0[455*M+365]=threshold;
365,476,,p0[,*M+,]=threshold;,,p0[365*M+476]=threshold;,,p0[476*M+365]=threshold;
367,453,,p0[,*M+,]=threshold;,,p0[367*M+453]=threshold;,,p0[453*M+367]=threshold;
368,459,,p0[,*M+,]=threshold;,,p0[368*M+459]=threshold;,,p0[459*M+368]=threshold;
368,492,,p0[,*M+,]=threshold;,,p0[368*M+492]=threshold;,,p0[492*M+368]=threshold;
374,450,,p0[,*M+,]=threshold;,,p0[374*M+450]=threshold;,,p0[450*M+374]=threshold;
377,479,,p0[,*M+,]=threshold;,,p0[377*M+479]=threshold;,,p0[479*M+377]=threshold;
382,425,,p0[,*M+,]=threshold;,,p0[382*M+425]=threshold;,,p0[425*M+382]=threshold;
385,475,,p0[,*M+,]=threshold;,,p0[385*M+475]=threshold;,,p0[475*M+385]=threshold;
408,433,,p0[,*M+,]=threshold;,,p0[408*M+433]=threshold;,,p0[433*M+408]=threshold;
411,493,,p0[,*M+,]=threshold;,,p0[411*M+493]=threshold;,,p0[493*M+411]=threshold;
415,439,,p0[,*M+,]=threshold;,,p0[415*M+439]=threshold;,,p0[439*M+415]=threshold;
419,460,,p0[,*M+,]=threshold;,,p0[419*M+460]=threshold;,,p0[460*M+419]=threshold;
425,468,,p0[,*M+,]=threshold;,,p0[425*M+468]=threshold;,,p0[468*M+425]=threshold;
429,445,,p0[,*M+,]=threshold;,,p0[429*M+445]=threshold;,,p0[445*M+429]=threshold;
431,466,,p0[,*M+,]=threshold;,,p0[431*M+466]=threshold;,,p0[466*M+431]=threshold;
444,488,,p0[,*M+,]=threshold;,,p0[444*M+488]=threshold;,,p0[488*M+444]=threshold;
