Source,Target,Type,Id,Label,Weight
1,2,Directed,4486,,1.0
1,3,Directed,4487,,1.0
1,4,Directed,4488,,1.0
1,5,Directed,4489,,1.0
1,6,Directed,4497,,1.0
1,8,Directed,4500,,1.0
1,12,Directed,4512,,1.0
1,16,Directed,4520,,1.0
1,20,Directed,4526,,1.0
1,28,Directed,4542,,1.0
1,32,Directed,4548,,1.0
1,39,Directed,4556,,2.0
1,43,Directed,4566,,1.0
1,46,Directed,4574,,1.0
1,52,Directed,4581,,1.0
1,73,Directed,4625,,1.0
1,80,Directed,4641,,1.0
1,81,Directed,4644,,1.0
1,97,Directed,4674,,1.0
1,107,Directed,4696,,1.0
1,108,Directed,4699,,1.0
1,109,Directed,4700,,1.0
1,114,Directed,4711,,1.0
1,117,Directed,4719,,1.0
1,139,Directed,4761,,1.0
1,148,Directed,4776,,1.0
1,149,Directed,4780,,1.0
1,150,Directed,4790,,2.0
1,165,Directed,4818,,1.0
1,166,Directed,4821,,1.0
1,170,Directed,4829,,1.0
1,174,Directed,4835,,1.0
1,177,Directed,4841,,1.0
1,181,Directed,4851,,1.0
1,182,Directed,4853,,1.0
1,195,Directed,4878,,1.0
1,218,Directed,4918,,1.0
1,222,Directed,4928,,1.0
1,254,Directed,4984,,1.0
1,289,Directed,5045,,1.0
1,294,Directed,5062,,1.0
1,298,Directed,5067,,1.0
1,323,Directed,5117,,1.0
1,327,Directed,5126,,1.0
1,369,Directed,5208,,1.0
1,370,Directed,5215,,1.0
1,399,Directed,5277,,1.0
1,416,Directed,5308,,1.0
1,419,Directed,5311,,1.0
1,430,Directed,5334,,1.0
1,439,Directed,5346,,1.0
1,444,Directed,5358,,1.0
1,447,Directed,5367,,1.0
1,482,Directed,5440,,1.0
1,483,Directed,5447,,1.0
1,487,Directed,5454,,1.0
1,491,Directed,5471,,1.0
1,514,Directed,5530,,2.0
1,534,Directed,5565,,1.0
1,558,Directed,5608,,1.0
1,567,Directed,5626,,1.0
1,570,Directed,5631,,1.0
1,571,Directed,5637,,1.0
1,575,Directed,5648,,1.0
1,592,Directed,5682,,1.0
1,665,Directed,5842,,1.0
1,738,Directed,5987,,1.0
1,766,Directed,6027,,1.0
1,803,Directed,6096,,1.0
1,830,Directed,6151,,1.0
1,836,Directed,6158,,1.0
1,909,Directed,6283,,1.0
1,940,Directed,6346,,1.0
1,951,Directed,6373,,1.0
1,959,Directed,6388,,1.0
1,976,Directed,6425,,1.0
1,984,Directed,6441,,1.0
1,987,Directed,6450,,1.0
2,3,Directed,4490,,1.0
2,4,Directed,4491,,1.0
2,5,Directed,4492,,1.0
2,11,Directed,4509,,1.0
2,55,Directed,4590,,1.0
2,63,Directed,4604,,1.0
2,67,Directed,4610,,1.0
2,70,Directed,4614,,1.0
2,98,Directed,4676,,1.0
2,99,Directed,4679,,1.0
2,116,Directed,4714,,1.0
2,117,Directed,4715,,1.0
2,126,Directed,4736,,1.0
2,131,Directed,4748,,1.0
2,134,Directed,4751,,1.0
2,135,Directed,4753,,1.0
2,158,Directed,4804,,1.0
2,160,Directed,4807,,1.0
2,167,Directed,4822,,1.0
2,170,Directed,4831,,1.0
2,175,Directed,4836,,1.0
2,180,Directed,4850,,1.0
2,182,Directed,4852,,1.0
2,184,Directed,4855,,2.0
2,185,Directed,4860,,1.0
2,194,Directed,4876,,1.0
2,201,Directed,4889,,1.0
2,231,Directed,4945,,1.0
2,242,Directed,4965,,1.0
2,243,Directed,4967,,1.0
2,249,Directed,4976,,1.0
2,311,Directed,5085,,2.0
2,340,Directed,5154,,1.0
2,344,Directed,5162,,1.0
2,412,Directed,5302,,1.0
2,423,Directed,5320,,1.0
2,459,Directed,5392,,1.0
2,486,Directed,5453,,1.0
2,487,Directed,5456,,1.0
2,488,Directed,5462,,1.0
2,523,Directed,5545,,1.0
2,534,Directed,5569,,1.0
2,549,Directed,5595,,1.0
2,557,Directed,5607,,1.0
2,561,Directed,5617,,1.0
2,570,Directed,5629,,1.0
2,572,Directed,5638,,1.0
2,623,Directed,5755,,1.0
2,662,Directed,5839,,1.0
2,679,Directed,5868,,1.0
2,681,Directed,5871,,1.0
2,693,Directed,5893,,1.0
2,696,Directed,5904,,1.0
2,728,Directed,5974,,1.0
2,755,Directed,6011,,1.0
2,811,Directed,6112,,1.0
2,841,Directed,6167,,1.0
2,884,Directed,6235,,1.0
2,899,Directed,6263,,1.0
2,919,Directed,6304,,1.0
2,936,Directed,6342,,1.0
2,963,Directed,6400,,1.0
3,4,Directed,4493,,1.0
3,5,Directed,4494,,1.0
3,9,Directed,4501,,1.0
3,10,Directed,4504,,1.0
3,14,Directed,4516,,1.0
3,42,Directed,4562,,1.0
3,52,Directed,4583,,1.0
3,60,Directed,4601,,1.0
3,66,Directed,4608,,1.0
3,78,Directed,4637,,1.0
3,79,Directed,4638,,1.0
3,85,Directed,4650,,1.0
3,91,Directed,4660,,1.0
3,95,Directed,4670,,1.0
3,112,Directed,4705,,2.0
3,124,Directed,4732,,1.0
3,140,Directed,4762,,1.0
3,162,Directed,4812,,1.0
3,178,Directed,4847,,1.0
3,189,Directed,4869,,1.0
3,200,Directed,4883,,1.0
3,201,Directed,4888,,1.0
3,204,Directed,4893,,1.0
3,221,Directed,4923,,2.0
3,263,Directed,5000,,1.0
3,300,Directed,5071,,1.0
3,318,Directed,5102,,1.0
3,349,Directed,5173,,1.0
3,377,Directed,5235,,1.0
3,395,Directed,5269,,1.0
3,431,Directed,5337,,1.0
3,434,Directed,5341,,1.0
3,481,Directed,5439,,1.0
3,499,Directed,5491,,1.0
3,510,Directed,5521,,1.0
3,620,Directed,5748,,1.0
3,633,Directed,5775,,1.0
3,708,Directed,5940,,1.0
3,711,Directed,5945,,1.0
3,809,Directed,6108,,2.0
3,840,Directed,6164,,1.0
3,858,Directed,6195,,1.0
3,890,Directed,6244,,1.0
3,919,Directed,6303,,1.0
3,921,Directed,6309,,1.0
3,948,Directed,6367,,1.0
3,968,Directed,6409,,1.0
4,5,Directed,4495,,2.0
4,6,Directed,4496,,1.0
4,7,Directed,4498,,1.0
4,9,Directed,4502,,1.0
4,11,Directed,4507,,1.0
4,12,Directed,4511,,3.0
4,19,Directed,4524,,1.0
4,23,Directed,4530,,1.0
4,33,Directed,4549,,1.0
4,36,Directed,4553,,2.0
4,45,Directed,4568,,1.0
4,52,Directed,4582,,1.0
4,53,Directed,4585,,1.0
4,59,Directed,4599,,1.0
4,71,Directed,4617,,1.0
4,93,Directed,4665,,1.0
4,103,Directed,4686,,1.0
4,106,Directed,4691,,1.0
4,108,Directed,4698,,1.0
4,125,Directed,4735,,1.0
4,129,Directed,4739,,1.0
4,141,Directed,4763,,1.0
4,149,Directed,4779,,1.0
4,160,Directed,4808,,1.0
4,164,Directed,4816,,1.0
4,168,Directed,4827,,1.0
4,176,Directed,4840,,1.0
4,185,Directed,4861,,1.0
4,201,Directed,4885,,1.0
4,242,Directed,4963,,1.0
4,247,Directed,4971,,1.0
4,255,Directed,4986,,1.0
4,275,Directed,5021,,1.0
4,290,Directed,5046,,1.0
4,292,Directed,5055,,1.0
4,307,Directed,5080,,3.0
4,312,Directed,5089,,1.0
4,348,Directed,5171,,1.0
4,373,Directed,5222,,1.0
4,391,Directed,5263,,1.0
4,426,Directed,5323,,1.0
4,445,Directed,5359,,1.0
4,446,Directed,5363,,1.0
4,476,Directed,5422,,1.0
4,517,Directed,5536,,1.0
4,556,Directed,5605,,1.0
4,573,Directed,5639,,1.0
4,576,Directed,5649,,1.0
4,649,Directed,5812,,1.0
4,697,Directed,5909,,1.0
4,771,Directed,6037,,1.0
4,829,Directed,6149,,1.0
4,948,Directed,6361,,1.0
4,994,Directed,6457,,1.0
4,995,Directed,6459,,1.0
5,8,Directed,4499,,1.0
5,10,Directed,4506,,1.0
5,13,Directed,4514,,1.0
5,74,Directed,4626,,1.0
5,75,Directed,4631,,1.0
5,84,Directed,4649,,1.0
5,121,Directed,4725,,1.0
5,124,Directed,4733,,1.0
5,148,Directed,4777,,1.0
5,149,Directed,4789,,1.0
5,153,Directed,4794,,1.0
5,226,Directed,4937,,1.0
5,292,Directed,5053,,1.0
5,316,Directed,5098,,1.0
5,371,Directed,5218,,1.0
5,393,Directed,5266,,1.0
5,404,Directed,5285,,1.0
5,414,Directed,5304,,1.0
5,479,Directed,5427,,1.0
5,516,Directed,5534,,1.0
5,574,Directed,5642,,1.0
5,639,Directed,5791,,1.0
5,678,Directed,5866,,1.0
5,774,Directed,6042,,1.0
5,778,Directed,6048,,1.0
5,795,Directed,6071,,1.0
5,803,Directed,6097,,1.0
5,975,Directed,6423,,1.0
5,993,Directed,6456,,1.0
6,26,Directed,4536,,1.0
6,27,Directed,4538,,1.0
6,49,Directed,4578,,1.0
6,72,Directed,4622,,1.0
6,74,Directed,4627,,1.0
6,153,Directed,4796,,1.0
6,157,Directed,4801,,1.0
6,169,Directed,4828,,1.0
6,342,Directed,5159,,1.0
6,445,Directed,5361,,1.0
6,478,Directed,5425,,1.0
6,494,Directed,5478,,1.0
6,640,Directed,5795,,1.0
6,656,Directed,5825,,1.0
6,898,Directed,6262,,1.0
6,967,Directed,6406,,1.0
6,975,Directed,6424,,1.0
7,35,Directed,4552,,1.0
8,9,Directed,4503,,1.0
8,13,Directed,4515,,1.0
8,21,Directed,4527,,1.0
8,25,Directed,4533,,1.0
8,28,Directed,4540,,1.0
8,29,Directed,4544,,1.0
8,71,Directed,4619,,1.0
8,77,Directed,4634,,1.0
8,117,Directed,4716,,1.0
8,134,Directed,4752,,1.0
8,142,Directed,4764,,1.0
8,147,Directed,4775,,1.0
8,177,Directed,4842,,1.0
8,209,Directed,4900,,1.0
8,289,Directed,5041,,1.0
8,388,Directed,5256,,1.0
8,399,Directed,5278,,1.0
8,450,Directed,5373,,1.0
8,471,Directed,5413,,1.0
8,480,Directed,5434,,1.0
8,588,Directed,5672,,1.0
8,609,Directed,5719,,1.0
8,798,Directed,6088,,1.0
8,946,Directed,6357,,1.0
9,10,Directed,4505,,2.0
9,11,Directed,4508,,1.0
9,12,Directed,4513,,1.0
9,15,Directed,4517,,1.0
9,18,Directed,4523,,1.0
9,22,Directed,4528,,1.0
9,25,Directed,4534,,1.0
9,37,Directed,4554,,1.0
9,50,Directed,4579,,1.0
9,51,Directed,4580,,1.0
9,54,Directed,4586,,1.0
9,64,Directed,4605,,1.0
9,74,Directed,4628,,1.0
9,92,Directed,4662,,1.0
9,109,Directed,4701,,1.0
9,113,Directed,4707,,1.0
9,120,Directed,4722,,1.0
9,158,Directed,4803,,1.0
9,167,Directed,4823,,1.0
9,187,Directed,4864,,1.0
9,208,Directed,4899,,1.0
9,223,Directed,4930,,1.0
9,299,Directed,5070,,1.0
9,357,Directed,5187,,1.0
9,411,Directed,5299,,1.0
9,444,Directed,5357,,1.0
9,447,Directed,5364,,1.0
9,488,Directed,5463,,1.0
9,514,Directed,5531,,1.0
9,526,Directed,5550,,1.0
9,620,Directed,5742,,1.0
9,751,Directed,6005,,1.0
9,796,Directed,6073,,1.0
9,798,Directed,6086,,1.0
9,920,Directed,6307,,1.0
9,964,Directed,6402,,1.0
10,24,Directed,4532,,1.0
10,82,Directed,4646,,1.0
10,351,Directed,5176,,1.0
10,474,Directed,5418,,1.0
10,528,Directed,5553,,1.0
10,699,Directed,5921,,1.0
10,946,Directed,6356,,1.0
11,12,Directed,4510,,1.0
11,16,Directed,4519,,1.0
11,30,Directed,4546,,1.0
11,34,Directed,4550,,1.0
11,39,Directed,4558,,1.0
11,61,Directed,4602,,1.0
11,64,Directed,4606,,1.0
11,80,Directed,4639,,1.0
11,114,Directed,4710,,1.0
11,130,Directed,4741,,1.0
11,176,Directed,4837,,1.0
11,186,Directed,4863,,1.0
11,222,Directed,4929,,1.0
11,236,Directed,4952,,1.0
11,257,Directed,4991,,1.0
11,282,Directed,5032,,1.0
11,306,Directed,5079,,1.0
11,313,Directed,5091,,1.0
11,331,Directed,5132,,1.0
11,346,Directed,5164,,1.0
11,374,Directed,5228,,1.0
11,375,Directed,5230,,1.0
11,401,Directed,5281,,1.0
11,503,Directed,5500,,1.0
11,513,Directed,5527,,1.0
11,564,Directed,5620,,1.0
11,571,Directed,5636,,1.0
11,595,Directed,5691,,1.0
11,653,Directed,5819,,1.0
11,764,Directed,6025,,1.0
11,767,Directed,6028,,1.0
11,779,Directed,6049,,1.0
11,911,Directed,6287,,1.0
11,946,Directed,6358,,1.0
12,16,Directed,4518,,1.0
12,20,Directed,4525,,1.0
12,44,Directed,4567,,1.0
12,57,Directed,4592,,1.0
12,77,Directed,4636,,1.0
12,80,Directed,4640,,1.0
12,85,Directed,4651,,1.0
12,117,Directed,4718,,1.0
12,121,Directed,4723,,1.0
12,197,Directed,4880,,1.0
12,219,Directed,4921,,1.0
12,305,Directed,5078,,1.0
12,330,Directed,5131,,1.0
12,333,Directed,5143,,1.0
12,374,Directed,5226,,1.0
12,378,Directed,5239,,1.0
12,389,Directed,5260,,1.0
12,481,Directed,5438,,1.0
12,483,Directed,5446,,1.0
12,486,Directed,5452,,1.0
12,489,Directed,5465,,1.0
12,512,Directed,5525,,1.0
12,514,Directed,5528,,1.0
12,524,Directed,5547,,1.0
12,538,Directed,5577,,1.0
12,569,Directed,5628,,1.0
12,612,Directed,5730,,1.0
12,618,Directed,5739,,1.0
12,652,Directed,5816,,1.0
12,675,Directed,5858,,1.0
12,692,Directed,5891,,1.0
12,734,Directed,5982,,1.0
12,739,Directed,5990,,1.0
12,768,Directed,6034,,1.0
12,800,Directed,6093,,1.0
12,828,Directed,6148,,1.0
12,876,Directed,6225,,1.0
12,896,Directed,6256,,1.0
12,912,Directed,6288,,1.0
12,917,Directed,6297,,1.0
12,925,Directed,6318,,1.0
12,948,Directed,6362,,1.0
13,28,Directed,4543,,1.0
13,42,Directed,4565,,1.0
13,54,Directed,4587,,1.0
13,73,Directed,4623,,1.0
13,110,Directed,4702,,1.0
13,206,Directed,4897,,1.0
13,242,Directed,4964,,1.0
13,299,Directed,5069,,1.0
13,407,Directed,5294,,1.0
13,420,Directed,5312,,1.0
13,442,Directed,5350,,1.0
13,470,Directed,5412,,1.0
13,499,Directed,5488,,1.0
13,559,Directed,5611,,1.0
13,614,Directed,5734,,1.0
13,685,Directed,5876,,1.0
14,16,Directed,4521,,2.0
14,31,Directed,4547,,1.0
14,42,Directed,4564,,1.0
14,46,Directed,4570,,1.0
14,47,Directed,4575,,1.0
14,55,Directed,4589,,1.0
14,58,Directed,4593,,2.0
14,59,Directed,4600,,1.0
14,62,Directed,4603,,1.0
14,70,Directed,4616,,1.0
14,77,Directed,4635,,1.0
14,80,Directed,4643,,2.0
14,100,Directed,4680,,1.0
14,106,Directed,4693,,1.0
14,122,Directed,4728,,1.0
14,124,Directed,4731,,1.0
14,131,Directed,4744,,1.0
14,149,Directed,4786,,1.0
14,152,Directed,4793,,1.0
14,162,Directed,4813,,1.0
14,166,Directed,4819,,1.0
14,201,Directed,4886,,1.0
14,203,Directed,4891,,1.0
14,212,Directed,4907,,1.0
14,251,Directed,4978,,1.0
14,255,Directed,4987,,1.0
14,265,Directed,5002,,1.0
14,277,Directed,5024,,1.0
14,309,Directed,5083,,1.0
14,332,Directed,5140,,1.0
14,375,Directed,5232,,1.0
14,407,Directed,5290,,1.0
14,445,Directed,5362,,1.0
14,449,Directed,5371,,1.0
14,459,Directed,5394,,1.0
14,488,Directed,5461,,1.0
14,574,Directed,5641,,1.0
14,588,Directed,5670,,1.0
14,605,Directed,5707,,1.0
14,639,Directed,5792,,1.0
14,656,Directed,5824,,1.0
14,657,Directed,5827,,1.0
14,661,Directed,5838,,1.0
14,666,Directed,5845,,1.0
14,672,Directed,5854,,1.0
14,680,Directed,5869,,1.0
14,696,Directed,5903,,1.0
14,705,Directed,5934,,1.0
14,706,Directed,5935,,1.0
14,788,Directed,6062,,1.0
14,789,Directed,6063,,1.0
14,805,Directed,6099,,1.0
14,867,Directed,6206,,1.0
14,909,Directed,6285,,1.0
14,948,Directed,6365,,1.0
14,959,Directed,6387,,1.0
14,985,Directed,6443,,1.0
15,17,Directed,4522,,2.0
15,23,Directed,4529,,1.0
15,24,Directed,4531,,1.0
15,26,Directed,4537,,2.0
15,47,Directed,4576,,1.0
15,55,Directed,4588,,1.0
15,72,Directed,4621,,1.0
15,76,Directed,4633,,1.0
15,100,Directed,4682,,1.0
15,106,Directed,4690,,1.0
15,145,Directed,4771,,1.0
15,215,Directed,4911,,1.0
15,315,Directed,5094,,1.0
15,346,Directed,5165,,1.0
15,364,Directed,5201,,1.0
15,378,Directed,5237,,1.0
15,470,Directed,5411,,1.0
15,494,Directed,5479,,1.0
15,594,Directed,5688,,1.0
15,625,Directed,5760,,1.0
15,643,Directed,5800,,1.0
15,655,Directed,5822,,1.0
15,696,Directed,5901,,1.0
15,697,Directed,5914,,1.0
15,699,Directed,5918,,1.0
15,715,Directed,5951,,1.0
15,773,Directed,6040,,1.0
15,793,Directed,6069,,1.0
15,846,Directed,6177,,1.0
15,848,Directed,6184,,1.0
15,938,Directed,6344,,1.0
16,40,Directed,4560,,1.0
16,68,Directed,4612,,1.0
16,107,Directed,4694,,1.0
16,485,Directed,5451,,1.0
16,697,Directed,5907,,1.0
16,923,Directed,6314,,1.0
17,46,Directed,4571,,1.0
17,48,Directed,4577,,1.0
17,58,Directed,4596,,1.0
17,101,Directed,4684,,1.0
17,170,Directed,4830,,1.0
17,188,Directed,4867,,1.0
17,240,Directed,4959,,1.0
17,288,Directed,5038,,1.0
17,307,Directed,5081,,1.0
17,332,Directed,5137,,1.0
17,409,Directed,5296,,1.0
17,534,Directed,5567,,1.0
17,620,Directed,5745,,1.0
17,628,Directed,5764,,1.0
17,640,Directed,5794,,1.0
17,667,Directed,5848,,1.0
17,824,Directed,6141,,1.0
18,27,Directed,4539,,1.0
18,321,Directed,5112,,1.0
18,361,Directed,5196,,1.0
18,424,Directed,5321,,1.0
18,639,Directed,5790,,1.0
18,952,Directed,6378,,1.0
19,100,Directed,4683,,1.0
19,436,Directed,5343,,1.0
20,28,Directed,4541,,1.0
20,767,Directed,6032,,1.0
21,167,Directed,4825,,1.0
21,292,Directed,5052,,1.0
21,374,Directed,5229,,1.0
21,416,Directed,5307,,1.0
21,461,Directed,5396,,1.0
21,620,Directed,5741,,1.0
21,637,Directed,5782,,1.0
21,712,Directed,5947,,1.0
21,764,Directed,6024,,1.0
22,26,Directed,4535,,1.0
22,178,Directed,4844,,1.0
22,310,Directed,5084,,1.0
22,312,Directed,5090,,1.0
22,331,Directed,5133,,1.0
22,623,Directed,5758,,1.0
22,997,Directed,6462,,1.0
23,65,Directed,4607,,1.0
23,121,Directed,4724,,1.0
23,256,Directed,4990,,1.0
23,806,Directed,6102,,1.0
24,123,Directed,4730,,1.0
24,457,Directed,5388,,1.0
24,868,Directed,6208,,1.0
24,948,Directed,6369,,1.0
25,30,Directed,4545,,1.0
25,39,Directed,4557,,1.0
25,46,Directed,4569,,1.0
25,58,Directed,4597,,1.0
25,136,Directed,4755,,1.0
25,210,Directed,4904,,1.0
25,248,Directed,4974,,1.0
25,303,Directed,5076,,1.0
25,314,Directed,5092,,1.0
25,325,Directed,5120,,1.0
25,326,Directed,5125,,1.0
25,375,Directed,5231,,1.0
25,376,Directed,5233,,1.0
25,545,Directed,5588,,1.0
25,610,Directed,5725,,1.0
25,645,Directed,5804,,1.0
25,978,Directed,6429,,1.0
26,123,Directed,4729,,1.0
26,183,Directed,4854,,1.0
26,204,Directed,4894,,1.0
26,261,Directed,4996,,1.0
26,275,Directed,5019,,1.0
26,289,Directed,5044,,1.0
26,294,Directed,5060,,1.0
26,315,Directed,5097,,1.0
26,354,Directed,5181,,1.0
26,427,Directed,5330,,1.0
26,557,Directed,5606,,1.0
26,620,Directed,5743,,1.0
26,753,Directed,6007,,1.0
26,756,Directed,6012,,1.0
26,758,Directed,6016,,1.0
26,784,Directed,6056,,1.0
26,913,Directed,6289,,1.0
26,981,Directed,6435,,1.0
27,66,Directed,4609,,1.0
27,214,Directed,4910,,1.0
27,320,Directed,5111,,1.0
27,928,Directed,6326,,1.0
28,35,Directed,4551,,1.0
28,53,Directed,4584,,1.0
28,209,Directed,4901,,1.0
28,216,Directed,4912,,1.0
28,443,Directed,5356,,1.0
28,887,Directed,6240,,1.0
29,119,Directed,4721,,1.0
29,159,Directed,4806,,1.0
29,216,Directed,4915,,1.0
29,343,Directed,5160,,1.0
29,398,Directed,5275,,1.0
29,465,Directed,5402,,1.0
29,932,Directed,6336,,1.0
30,644,Directed,5802,,1.0
30,695,Directed,5897,,1.0
31,41,Directed,4561,,1.0
31,73,Directed,4624,,1.0
31,296,Directed,5064,,1.0
31,365,Directed,5202,,1.0
31,427,Directed,5328,,1.0
31,438,Directed,5345,,1.0
31,491,Directed,5473,,1.0
31,646,Directed,5808,,1.0
31,661,Directed,5837,,1.0
31,726,Directed,5970,,1.0
32,46,Directed,4572,,1.0
32,81,Directed,4645,,1.0
32,172,Directed,4833,,1.0
32,188,Directed,4865,,1.0
32,391,Directed,5262,,1.0
32,400,Directed,5279,,1.0
32,410,Directed,5298,,1.0
32,621,Directed,5752,,1.0
32,637,Directed,5784,,1.0
32,666,Directed,5846,,1.0
32,983,Directed,6439,,1.0
33,42,Directed,4563,,1.0
33,70,Directed,4615,,1.0
33,71,Directed,4618,,1.0
33,107,Directed,4697,,1.0
33,130,Directed,4740,,1.0
33,137,Directed,4758,,1.0
33,184,Directed,4856,,1.0
33,284,Directed,5034,,1.0
33,328,Directed,5127,,1.0
33,385,Directed,5252,,1.0
33,395,Directed,5271,,1.0
33,465,Directed,5401,,1.0
33,480,Directed,5430,,1.0
33,499,Directed,5492,,1.0
33,574,Directed,5645,,1.0
33,668,Directed,5849,,1.0
33,682,Directed,5872,,1.0
33,708,Directed,5941,,1.0
33,785,Directed,6057,,1.0
33,798,Directed,6082,,1.0
33,986,Directed,6448,,1.0
34,38,Directed,4555,,1.0
34,39,Directed,4559,,1.0
34,90,Directed,4657,,1.0
34,137,Directed,4757,,1.0
34,146,Directed,4772,,1.0
34,201,Directed,4887,,1.0
34,260,Directed,4994,,1.0
34,370,Directed,5212,,1.0
34,550,Directed,5597,,1.0
34,577,Directed,5651,,1.0
34,643,Directed,5799,,1.0
34,783,Directed,6055,,1.0
34,802,Directed,6095,,1.0
34,864,Directed,6201,,1.0
34,868,Directed,6209,,1.0
34,908,Directed,6282,,1.0
35,98,Directed,4675,,1.0
35,161,Directed,4810,,1.0
35,320,Directed,5107,,1.0
35,443,Directed,5355,,1.0
36,75,Directed,4629,,1.0
36,244,Directed,4968,,1.0
36,271,Directed,5011,,1.0
36,546,Directed,5589,,1.0
36,695,Directed,5898,,1.0
37,46,Directed,4573,,1.0
37,333,Directed,5142,,1.0
37,402,Directed,5283,,1.0
38,508,Directed,5514,,1.0
38,723,Directed,5966,,1.0
39,94,Directed,4668,,1.0
39,116,Directed,4713,,1.0
39,542,Directed,5585,,1.0
39,666,Directed,5844,,1.0
40,88,Directed,4655,,1.0
40,127,Directed,4737,,1.0
40,144,Directed,4768,,1.0
40,154,Directed,4798,,1.0
40,226,Directed,4938,,1.0
40,242,Directed,4966,,1.0
40,347,Directed,5168,,1.0
40,370,Directed,5216,,1.0
40,480,Directed,5433,,1.0
40,593,Directed,5683,,1.0
40,606,Directed,5708,,1.0
40,717,Directed,5955,,1.0
40,829,Directed,6150,,1.0
40,865,Directed,6202,,1.0
40,955,Directed,6382,,1.0
40,990,Directed,6453,,1.0
41,93,Directed,4667,,1.0
41,95,Directed,4669,,1.0
41,96,Directed,4673,,1.0
41,217,Directed,4917,,1.0
41,274,Directed,5017,,1.0
41,301,Directed,5073,,1.0
41,581,Directed,5660,,1.0
41,592,Directed,5681,,1.0
41,781,Directed,6052,,1.0
41,923,Directed,6312,,1.0
41,931,Directed,6333,,1.0
42,83,Directed,4647,,1.0
42,95,Directed,4671,,1.0
42,199,Directed,4882,,1.0
42,447,Directed,5365,,1.0
42,483,Directed,5449,,1.0
42,494,Directed,5480,,1.0
42,496,Directed,5484,,1.0
42,515,Directed,5533,,1.0
42,643,Directed,5801,,1.0
42,658,Directed,5828,,1.0
42,663,Directed,5840,,1.0
42,737,Directed,5985,,1.0
42,763,Directed,6023,,1.0
42,767,Directed,6031,,1.0
42,789,Directed,6064,,1.0
42,875,Directed,6224,,1.0
44,228,Directed,4941,,1.0
44,240,Directed,4960,,1.0
44,285,Directed,5035,,1.0
44,539,Directed,5579,,1.0
44,580,Directed,5657,,1.0
44,582,Directed,5661,,1.0
44,617,Directed,5737,,1.0
44,982,Directed,6437,,1.0
45,107,Directed,4695,,1.0
45,112,Directed,4706,,1.0
45,118,Directed,4720,,1.0
45,153,Directed,4795,,1.0
45,253,Directed,4982,,1.0
45,352,Directed,5177,,1.0
45,454,Directed,5381,,1.0
45,499,Directed,5493,,1.0
45,614,Directed,5733,,1.0
45,690,Directed,5886,,1.0
46,58,Directed,4595,,1.0
46,92,Directed,4664,,1.0
46,104,Directed,4687,,1.0
46,161,Directed,4809,,1.0
46,454,Directed,5380,,1.0
47,204,Directed,4892,,1.0
47,320,Directed,5110,,1.0
47,326,Directed,5123,,1.0
47,400,Directed,5280,,1.0
47,840,Directed,6166,,1.0
47,989,Directed,6452,,1.0
48,91,Directed,4659,,1.0
48,128,Directed,4738,,1.0
48,131,Directed,4747,,1.0
48,132,Directed,4749,,1.0
48,138,Directed,4759,,1.0
48,217,Directed,4916,,1.0
48,223,Directed,4931,,1.0
48,291,Directed,5049,,1.0
48,748,Directed,6002,,2.0
48,931,Directed,6334,,1.0
49,225,Directed,4933,,1.0
49,421,Directed,5318,,1.0
49,426,Directed,5326,,1.0
50,56,Directed,4591,,1.0
50,58,Directed,4594,,2.0
50,112,Directed,4704,,1.0
50,156,Directed,4800,,1.0
50,267,Directed,5004,,1.0
50,458,Directed,5390,,1.0
50,502,Directed,5498,,1.0
50,503,Directed,5501,,1.0
50,519,Directed,5540,,1.0
50,690,Directed,5887,,1.0
50,900,Directed,6266,,1.0
51,75,Directed,4632,,1.0
51,188,Directed,4866,,1.0
51,202,Directed,4890,,1.0
51,226,Directed,4936,,1.0
51,291,Directed,5048,,1.0
51,317,Directed,5100,,1.0
51,319,Directed,5104,,1.0
51,370,Directed,5214,,1.0
51,464,Directed,5399,,1.0
51,467,Directed,5406,,1.0
51,469,Directed,5410,,1.0
51,621,Directed,5751,,1.0
51,628,Directed,5768,,1.0
51,961,Directed,6394,,1.0
52,315,Directed,5093,,1.0
52,316,Directed,5099,,1.0
52,458,Directed,5391,,1.0
52,487,Directed,5455,,1.0
52,823,Directed,6138,,1.0
52,885,Directed,6236,,1.0
52,897,Directed,6260,,1.0
53,58,Directed,4598,,1.0
53,80,Directed,4642,,1.0
53,96,Directed,4672,,1.0
53,232,Directed,4946,,1.0
53,260,Directed,4995,,1.0
53,343,Directed,5161,,1.0
53,420,Directed,5313,,1.0
53,455,Directed,5383,,1.0
53,571,Directed,5634,,1.0
53,710,Directed,5944,,1.0
53,848,Directed,6183,,1.0
54,87,Directed,4653,,1.0
54,99,Directed,4677,,1.0
54,478,Directed,5424,,1.0
54,698,Directed,5916,,1.0
55,144,Directed,4770,,1.0
55,151,Directed,4792,,1.0
55,163,Directed,4814,,1.0
55,373,Directed,5223,,1.0
55,466,Directed,5403,,1.0
55,537,Directed,5575,,1.0
56,111,Directed,4703,,1.0
56,122,Directed,4727,,1.0
56,812,Directed,6114,,1.0
57,816,Directed,6125,,1.0
58,122,Directed,4726,,1.0
58,149,Directed,4783,,1.0
58,158,Directed,4802,,1.0
58,295,Directed,5063,,1.0
58,341,Directed,5157,,1.0
59,166,Directed,4820,,1.0
59,323,Directed,5115,,1.0
60,212,Directed,4906,,1.0
60,329,Directed,5129,,1.0
60,579,Directed,5655,,1.0
60,598,Directed,5698,,1.0
61,259,Directed,4993,,1.0
61,262,Directed,4997,,1.0
61,429,Directed,5332,,1.0
61,449,Directed,5370,,1.0
61,639,Directed,5789,,1.0
61,749,Directed,6003,,1.0
61,796,Directed,6075,,1.0
61,814,Directed,6118,,1.0
61,869,Directed,6211,,1.0
61,873,Directed,6220,,1.0
61,939,Directed,6345,,1.0
62,91,Directed,4661,,1.0
62,130,Directed,4743,,1.0
62,149,Directed,4785,,1.0
62,176,Directed,4839,,1.0
62,206,Directed,4896,,1.0
62,254,Directed,4983,,1.0
62,272,Directed,5013,,1.0
62,348,Directed,5169,,1.0
62,482,Directed,5443,,1.0
62,579,Directed,5656,,1.0
62,601,Directed,5702,,1.0
62,613,Directed,5732,,1.0
62,639,Directed,5788,,1.0
62,658,Directed,5829,,1.0
62,678,Directed,5865,,1.0
62,722,Directed,5962,,1.0
63,219,Directed,4920,,1.0
63,369,Directed,5209,,1.0
63,500,Directed,5496,,1.0
63,659,Directed,5830,,1.0
63,909,Directed,6284,,1.0
64,137,Directed,4756,,1.0
64,184,Directed,4857,,1.0
64,362,Directed,5198,,1.0
64,407,Directed,5291,,1.0
65,67,Directed,4611,,1.0
65,71,Directed,4620,,1.0
65,75,Directed,4630,,1.0
65,114,Directed,4709,,1.0
65,225,Directed,4934,,1.0
65,234,Directed,4950,,1.0
65,237,Directed,4953,,1.0
65,365,Directed,5203,,1.0
65,366,Directed,5204,,1.0
65,370,Directed,5213,,1.0
65,394,Directed,5268,,1.0
65,418,Directed,5310,,1.0
65,421,Directed,5314,,1.0
65,440,Directed,5348,,1.0
65,520,Directed,5541,,1.0
65,521,Directed,5543,,1.0
65,560,Directed,5615,,1.0
65,820,Directed,6134,,1.0
65,959,Directed,6386,,1.0
66,298,Directed,5066,,1.0
66,644,Directed,5803,,1.0
67,69,Directed,4613,,1.0
67,432,Directed,5339,,1.0
67,504,Directed,5505,,1.0
67,585,Directed,5665,,1.0
67,741,Directed,5993,,1.0
68,331,Directed,5135,,1.0
68,717,Directed,5954,,1.0
68,879,Directed,6228,,1.0
69,139,Directed,4760,,1.0
69,791,Directed,6067,,1.0
69,904,Directed,6274,,1.0
69,985,Directed,6444,,1.0
70,88,Directed,4654,,1.0
70,106,Directed,4692,,1.0
70,219,Directed,4919,,1.0
70,221,Directed,4927,,1.0
70,229,Directed,4943,,1.0
70,529,Directed,5556,,1.0
70,554,Directed,5602,,1.0
70,573,Directed,5640,,1.0
70,589,Directed,5674,,1.0
70,704,Directed,5929,,1.0
70,959,Directed,6389,,1.0
71,92,Directed,4663,,1.0
71,113,Directed,4708,,1.0
71,809,Directed,6109,,1.0
71,814,Directed,6119,,1.0
72,162,Directed,4811,,1.0
72,186,Directed,4862,,1.0
73,144,Directed,4767,,1.0
73,664,Directed,5841,,1.0
73,844,Directed,6173,,1.0
74,93,Directed,4666,,1.0
74,179,Directed,4849,,1.0
74,275,Directed,5022,,1.0
74,350,Directed,5175,,1.0
74,415,Directed,5305,,1.0
74,505,Directed,5507,,1.0
74,670,Directed,5851,,1.0
74,872,Directed,6216,,1.0
74,892,Directed,6249,,1.0
75,144,Directed,4769,,1.0
75,302,Directed,5075,,1.0
75,379,Directed,5241,,1.0
75,574,Directed,5646,,1.0
75,683,Directed,5873,,1.0
75,859,Directed,6196,,1.0
75,917,Directed,6298,,1.0
76,149,Directed,4781,,1.0
76,828,Directed,6147,,1.0
76,889,Directed,6243,,1.0
79,239,Directed,4957,,1.0
79,819,Directed,6131,,1.0
80,89,Directed,4656,,1.0
80,149,Directed,4782,,1.0
80,165,Directed,4817,,1.0
80,176,Directed,4838,,1.0
80,276,Directed,5023,,1.0
80,541,Directed,5583,,1.0
81,83,Directed,4648,,1.0
81,148,Directed,4778,,1.0
81,594,Directed,5687,,1.0
81,628,Directed,5763,,1.0
81,826,Directed,6144,,1.0
82,143,Directed,4765,,1.0
83,90,Directed,4658,,1.0
83,159,Directed,4805,,1.0
83,173,Directed,4834,,1.0
83,596,Directed,5695,,1.0
83,920,Directed,6305,,1.0
84,86,Directed,4652,,1.0
84,105,Directed,4688,,1.0
84,133,Directed,4750,,1.0
84,149,Directed,4788,,1.0
84,200,Directed,4884,,1.0
84,210,Directed,4902,,1.0
84,241,Directed,4961,,1.0
84,272,Directed,5012,,1.0
84,273,Directed,5014,,1.0
84,324,Directed,5118,,1.0
84,341,Directed,5156,,1.0
84,381,Directed,5245,,1.0
84,480,Directed,5431,,1.0
84,527,Directed,5551,,1.0
84,548,Directed,5593,,1.0
84,674,Directed,5857,,1.0
84,696,Directed,5902,,1.0
84,804,Directed,6098,,1.0
84,906,Directed,6276,,1.0
84,1000,Directed,6466,,1.0
86,388,Directed,5258,,1.0
87,416,Directed,5306,,1.0
88,185,Directed,4858,,1.0
88,601,Directed,5701,,1.0
88,886,Directed,6238,,1.0
89,100,Directed,4681,,1.0
89,607,Directed,5712,,1.0
90,188,Directed,4868,,1.0
90,266,Directed,5003,,1.0
90,280,Directed,5029,,1.0
90,308,Directed,5082,,1.0
90,609,Directed,5720,,1.0
90,729,Directed,5975,,1.0
91,301,Directed,5074,,1.0
91,652,Directed,5818,,1.0
91,716,Directed,5952,,1.0
91,903,Directed,6271,,1.0
91,952,Directed,6374,,1.0
91,968,Directed,6407,,1.0
91,971,Directed,6414,,1.0
92,497,Directed,5485,,1.0
92,544,Directed,5587,,1.0
92,980,Directed,6433,,1.0
93,130,Directed,4742,,1.0
93,324,Directed,5119,,1.0
93,326,Directed,5122,,1.0
93,628,Directed,5766,,1.0
93,821,Directed,6135,,1.0
93,850,Directed,6187,,1.0
94,99,Directed,4678,,1.0
94,192,Directed,4872,,1.0
94,329,Directed,5130,,1.0
94,332,Directed,5141,,1.0
94,371,Directed,5217,,1.0
94,417,Directed,5309,,1.0
94,491,Directed,5472,,1.0
94,528,Directed,5555,,1.0
94,627,Directed,5762,,1.0
94,643,Directed,5798,,1.0
94,651,Directed,5815,,1.0
94,675,Directed,5859,,1.0
94,699,Directed,5917,,1.0
94,825,Directed,6143,,1.0
95,150,Directed,4791,,1.0
95,587,Directed,5668,,1.0
95,805,Directed,6100,,1.0
96,178,Directed,4846,,1.0
96,277,Directed,5025,,1.0
96,907,Directed,6279,,1.0
96,943,Directed,6350,,1.0
97,294,Directed,5058,,1.0
97,388,Directed,5255,,1.0
97,870,Directed,6212,,1.0
98,115,Directed,4712,,1.0
98,193,Directed,4875,,1.0
98,607,Directed,5710,,1.0
99,102,Directed,4685,,1.0
99,117,Directed,4717,,1.0
99,125,Directed,4734,,1.0
99,149,Directed,4784,,2.0
99,216,Directed,4914,,1.0
99,250,Directed,4977,,1.0
99,380,Directed,5243,,1.0
99,565,Directed,5621,,1.0
99,665,Directed,5843,,1.0
99,714,Directed,5950,,1.0
99,916,Directed,6296,,1.0
100,195,Directed,4877,,1.0
100,232,Directed,4948,,1.0
100,384,Directed,5250,,1.0
100,442,Directed,5353,,1.0
100,566,Directed,5625,,1.0
101,252,Directed,4980,,1.0
101,408,Directed,5295,,1.0
101,604,Directed,5706,,1.0
101,687,Directed,5879,,1.0
103,106,Directed,4689,,1.0
103,191,Directed,4871,,1.0
103,212,Directed,4908,,1.0
103,278,Directed,5026,,1.0
103,504,Directed,5504,,1.0
103,612,Directed,5729,,1.0
103,630,Directed,5771,,1.0
103,796,Directed,6072,,1.0
103,880,Directed,6229,,1.0
104,213,Directed,4909,,1.0
105,196,Directed,4879,,1.0
105,447,Directed,5366,,1.0
105,489,Directed,5466,,1.0
105,503,Directed,5502,,1.0
105,807,Directed,6103,,1.0
106,349,Directed,5172,,1.0
106,565,Directed,5623,,1.0
107,335,Directed,5145,,1.0
107,386,Directed,5253,,1.0
107,721,Directed,5960,,1.0
108,167,Directed,4824,,1.0
108,230,Directed,4944,,1.0
108,771,Directed,6038,,1.0
109,163,Directed,4815,,1.0
109,499,Directed,5489,,1.0
109,688,Directed,5882,,1.0
110,270,Directed,5010,,1.0
110,555,Directed,5603,,1.0
110,637,Directed,5783,,1.0
110,904,Directed,6272,,1.0
110,923,Directed,6316,,1.0
110,986,Directed,6446,,1.0
111,190,Directed,4870,,1.0
111,320,Directed,5106,,1.0
112,178,Directed,4843,,1.0
112,263,Directed,4999,,1.0
112,775,Directed,6043,,1.0
113,373,Directed,5221,,1.0
113,530,Directed,5557,,1.0
113,571,Directed,5632,,1.0
113,632,Directed,5774,,1.0
113,974,Directed,6420,,1.0
115,421,Directed,5315,,1.0
116,255,Directed,4989,,1.0
116,319,Directed,5105,,1.0
117,144,Directed,4766,,1.0
117,147,Directed,4773,,1.0
117,168,Directed,4826,,1.0
117,338,Directed,5148,,1.0
117,534,Directed,5566,,1.0
117,740,Directed,5991,,1.0
117,837,Directed,6160,,1.0
117,878,Directed,6227,,1.0
117,892,Directed,6250,,1.0
117,948,Directed,6366,,1.0
118,149,Directed,4787,,1.0
118,178,Directed,4848,,1.0
118,211,Directed,4905,,1.0
118,405,Directed,5288,,1.0
119,207,Directed,4898,,1.0
119,353,Directed,5178,,1.0
119,654,Directed,5820,,1.0
119,697,Directed,5915,,1.0
121,238,Directed,4954,,1.0
121,275,Directed,5020,,1.0
121,326,Directed,5124,,1.0
121,466,Directed,5404,,1.0
121,474,Directed,5417,,1.0
121,495,Directed,5482,,1.0
121,811,Directed,6111,,1.0
121,997,Directed,6461,,1.0
122,198,Directed,4881,,1.0
123,131,Directed,4746,,1.0
123,273,Directed,5015,,1.0
123,291,Directed,5050,,1.0
123,369,Directed,5210,,1.0
123,407,Directed,5293,,1.0
123,574,Directed,5644,,1.0
123,645,Directed,5806,,1.0
123,807,Directed,6105,,1.0
124,147,Directed,4774,,1.0
124,247,Directed,4973,,1.0
124,355,Directed,5182,,1.0
124,442,Directed,5352,,1.0
124,837,Directed,6161,,1.0
126,135,Directed,4754,,1.0
126,537,Directed,5576,,1.0
126,670,Directed,5852,,1.0
126,966,Directed,6405,,1.0
128,131,Directed,4745,,1.0
128,323,Directed,5116,,1.0
128,516,Directed,5535,,1.0
128,718,Directed,5956,,1.0
129,842,Directed,6168,,1.0
129,984,Directed,6440,,1.0
130,503,Directed,5503,,1.0
131,154,Directed,4797,,1.0
131,347,Directed,5167,,1.0
131,574,Directed,5643,,1.0
131,606,Directed,5709,,1.0
131,865,Directed,6203,,1.0
132,232,Directed,4947,,1.0
132,239,Directed,4956,,1.0
132,332,Directed,5138,,1.0
132,338,Directed,5149,,1.0
132,383,Directed,5249,,1.0
132,401,Directed,5282,,1.0
132,455,Directed,5382,,1.0
132,463,Directed,5398,,1.0
132,553,Directed,5601,,1.0
132,623,Directed,5757,,1.0
132,893,Directed,6251,,1.0
133,651,Directed,5814,,1.0
134,235,Directed,4951,,1.0
134,262,Directed,4998,,1.0
134,290,Directed,5047,,1.0
134,597,Directed,5696,,1.0
134,680,Directed,5870,,1.0
134,773,Directed,6041,,1.0
134,791,Directed,6066,,1.0
135,452,Directed,5377,,1.0
135,506,Directed,5510,,1.0
135,703,Directed,5927,,1.0
136,604,Directed,5705,,1.0
136,794,Directed,6070,,1.0
136,897,Directed,6259,,1.0
137,193,Directed,4873,,1.0
137,659,Directed,5833,,1.0
137,877,Directed,6226,,1.0
138,707,Directed,5936,,1.0
139,233,Directed,4949,,1.0
139,281,Directed,5030,,1.0
139,482,Directed,5441,,1.0
140,171,Directed,4832,,1.0
140,443,Directed,5354,,1.0
140,636,Directed,5781,,1.0
141,855,Directed,6192,,1.0
142,216,Directed,4913,,1.0
142,511,Directed,5524,,1.0
142,552,Directed,5600,,1.0
142,709,Directed,5942,,1.0
142,714,Directed,5949,,1.0
142,816,Directed,6128,,1.0
142,826,Directed,6145,,1.0
143,155,Directed,4799,,1.0
143,339,Directed,5153,,1.0
143,357,Directed,5189,,1.0
143,397,Directed,5274,,1.0
143,612,Directed,5731,,1.0
143,629,Directed,5769,,1.0
143,868,Directed,6207,,1.0
143,941,Directed,6347,,1.0
143,952,Directed,6375,,1.0
143,975,Directed,6421,,1.0
144,891,Directed,6247,,1.0
145,701,Directed,5923,,1.0
145,919,Directed,6302,,1.0
146,531,Directed,5558,,1.0
146,594,Directed,5689,,1.0
147,534,Directed,5570,,1.0
147,546,Directed,5590,,1.0
147,798,Directed,6090,,1.0
148,686,Directed,5878,,1.0
149,286,Directed,5036,,1.0
149,571,Directed,5635,,1.0
149,659,Directed,5831,,1.0
149,671,Directed,5853,,1.0
149,762,Directed,6022,,1.0
150,255,Directed,4985,,1.0
150,334,Directed,5144,,1.0
150,339,Directed,5152,,1.0
150,357,Directed,5185,,1.0
150,562,Directed,5618,,1.0
150,703,Directed,5928,,1.0
150,915,Directed,6292,,1.0
152,937,Directed,6343,,1.0
153,238,Directed,4955,,1.0
153,398,Directed,5276,,1.0
153,499,Directed,5494,,1.0
153,587,Directed,5667,,1.0
153,913,Directed,6290,,1.0
154,210,Directed,4903,,1.0
154,252,Directed,4981,,1.0
154,677,Directed,5862,,1.0
154,985,Directed,6442,,1.0
155,297,Directed,5065,,1.0
155,490,Directed,5469,,1.0
155,634,Directed,5779,,1.0
156,392,Directed,5264,,1.0
156,594,Directed,5690,,1.0
156,797,Directed,6077,,1.0
157,311,Directed,5086,,1.0
157,372,Directed,5220,,1.0
157,427,Directed,5329,,1.0
157,933,Directed,6338,,1.0
158,221,Directed,4926,,1.0
158,442,Directed,5351,,1.0
158,1000,Directed,6467,,1.0
159,185,Directed,4859,,1.0
159,288,Directed,5039,,1.0
159,320,Directed,5109,,1.0
159,493,Directed,5477,,1.0
159,524,Directed,5546,,1.0
159,853,Directed,6190,,1.0
160,394,Directed,5267,,1.0
160,633,Directed,5777,,1.0
160,667,Directed,5847,,1.0
160,713,Directed,5948,,1.0
160,871,Directed,6214,,1.0
160,960,Directed,6390,,1.0
160,961,Directed,6396,,1.0
161,488,Directed,5459,,1.0
161,930,Directed,6328,,1.0
162,205,Directed,4895,,1.0
162,482,Directed,5444,,1.0
162,599,Directed,5699,,1.0
162,607,Directed,5715,,1.0
162,631,Directed,5772,,1.0
163,639,Directed,5787,,1.0
164,600,Directed,5700,,1.0
164,678,Directed,5864,,1.0
164,720,Directed,5959,,1.0
165,356,Directed,5184,,1.0
165,694,Directed,5895,,1.0
166,807,Directed,6104,,1.0
167,193,Directed,4874,,1.0
167,633,Directed,5776,,1.0
169,178,Directed,4845,,1.0
169,294,Directed,5059,,1.0
169,620,Directed,5744,,1.0
170,246,Directed,4970,,1.0
170,258,Directed,4992,,1.0
170,437,Directed,5344,,1.0
170,578,Directed,5653,,1.0
170,660,Directed,5835,,1.0
170,697,Directed,5908,,1.0
170,746,Directed,5998,,1.0
170,982,Directed,6436,,1.0
171,318,Directed,5103,,1.0
171,377,Directed,5236,,1.0
171,720,Directed,5958,,1.0
171,798,Directed,6083,,1.0
171,930,Directed,6330,,1.0
172,379,Directed,5240,,1.0
172,660,Directed,5836,,1.0
174,267,Directed,5005,,1.0
174,268,Directed,5006,,1.0
174,346,Directed,5166,,1.0
174,462,Directed,5397,,1.0
174,597,Directed,5697,,1.0
174,823,Directed,6139,,1.0
174,835,Directed,6157,,1.0
175,918,Directed,6299,,1.0
176,269,Directed,5008,,1.0
177,301,Directed,5072,,1.0
179,298,Directed,5068,,1.0
179,396,Directed,5272,,1.0
179,426,Directed,5324,,1.0
180,249,Directed,4975,,1.0
180,317,Directed,5101,,1.0
180,559,Directed,5612,,1.0
180,696,Directed,5900,,1.0
180,782,Directed,6054,,1.0
180,894,Directed,6252,,1.0
180,932,Directed,6335,,1.0
181,273,Directed,5016,,1.0
181,641,Directed,5796,,1.0
182,288,Directed,5040,,1.0
183,227,Directed,4940,,1.0
183,363,Directed,5199,,1.0
183,929,Directed,6327,,1.0
183,962,Directed,6399,,1.0
184,279,Directed,5027,,1.0
184,287,Directed,5037,,1.0
184,332,Directed,5139,,1.0
184,406,Directed,5289,,1.0
184,448,Directed,5369,,1.0
184,590,Directed,5676,,1.0
184,620,Directed,5747,,1.0
184,696,Directed,5905,,1.0
184,790,Directed,6065,,1.0
185,925,Directed,6320,,1.0
186,255,Directed,4988,,1.0
188,371,Directed,5219,,1.0
188,798,Directed,6084,,1.0
190,315,Directed,5096,,1.0
190,525,Directed,5549,,1.0
191,397,Directed,5273,,1.0
191,531,Directed,5560,,1.0
191,595,Directed,5694,,1.0
193,427,Directed,5327,,1.0
194,225,Directed,4935,,1.0
194,320,Directed,5108,,1.0
194,360,Directed,5194,,1.0
194,659,Directed,5832,,1.0
195,595,Directed,5693,,1.0
195,757,Directed,6013,,1.0
196,220,Directed,4922,,1.0
196,760,Directed,6020,,1.0
196,943,Directed,6353,,1.0
198,221,Directed,4925,,1.0
199,224,Directed,4932,,1.0
199,228,Directed,4942,,1.0
199,245,Directed,4969,,1.0
199,292,Directed,5056,,1.0
199,357,Directed,5190,,1.0
199,382,Directed,5246,,1.0
199,450,Directed,5372,,1.0
199,558,Directed,5609,,1.0
199,588,Directed,5671,,1.0
199,589,Directed,5675,,1.0
200,270,Directed,5009,,1.0
200,357,Directed,5186,,1.0
201,242,Directed,4962,,1.0
201,337,Directed,5147,,1.0
201,464,Directed,5400,,1.0
202,221,Directed,4924,,1.0
204,227,Directed,4939,,1.0
204,350,Directed,5174,,1.0
204,583,Directed,5662,,1.0
204,591,Directed,5678,,1.0
204,645,Directed,5807,,1.0
204,818,Directed,6130,,1.0
204,847,Directed,6181,,1.0
205,592,Directed,5680,,1.0
205,626,Directed,5761,,1.0
206,845,Directed,6174,,1.0
206,978,Directed,6430,,1.0
208,368,Directed,5206,,1.0
208,591,Directed,5677,,1.0
210,780,Directed,6050,,1.0
211,549,Directed,5594,,1.0
211,692,Directed,5892,,1.0
212,456,Directed,5385,,1.0
212,690,Directed,5888,,1.0
212,995,Directed,6458,,1.0
214,547,Directed,5592,,1.0
216,264,Directed,5001,,1.0
216,421,Directed,5316,,1.0
217,568,Directed,5627,,1.0
217,895,Directed,6254,,1.0
218,810,Directed,6110,,1.0
219,759,Directed,6017,,1.0
220,280,Directed,5028,,1.0
221,374,Directed,5225,,1.0
221,412,Directed,5301,,1.0
222,251,Directed,4979,,1.0
222,902,Directed,6270,,1.0
225,360,Directed,5195,,1.0
225,480,Directed,5429,,1.0
225,483,Directed,5448,,1.0
225,507,Directed,5513,,1.0
226,283,Directed,5033,,1.0
226,293,Directed,5057,,1.0
226,362,Directed,5197,,1.0
226,410,Directed,5297,,1.0
226,528,Directed,5552,,1.0
226,746,Directed,5999,,1.0
226,914,Directed,6291,,1.0
226,966,Directed,6404,,1.0
227,611,Directed,5727,,1.0
228,311,Directed,5088,,1.0
228,370,Directed,5211,,1.0
228,686,Directed,5877,,1.0
228,872,Directed,6215,,1.0
229,612,Directed,5728,,1.0
230,376,Directed,5234,,1.0
230,825,Directed,6142,,1.0
231,268,Directed,5007,,1.0
231,281,Directed,5031,,1.0
231,292,Directed,5051,,1.0
231,902,Directed,6269,,1.0
231,927,Directed,6325,,1.0
232,505,Directed,5506,,1.0
233,275,Directed,5018,,1.0
234,747,Directed,6000,,1.0
235,407,Directed,5292,,1.0
237,240,Directed,4958,,1.0
237,326,Directed,5121,,1.0
237,328,Directed,5128,,1.0
237,348,Directed,5170,,1.0
239,358,Directed,5191,,1.0
239,816,Directed,6127,,1.0
240,247,Directed,4972,,1.0
240,433,Directed,5340,,1.0
242,374,Directed,5227,,1.0
242,591,Directed,5679,,1.0
242,615,Directed,5735,,1.0
243,340,Directed,5155,,1.0
243,556,Directed,5604,,1.0
243,861,Directed,6198,,1.0
245,453,Directed,5379,,1.0
246,725,Directed,5969,,1.0
247,522,Directed,5544,,1.0
247,920,Directed,6308,,1.0
248,620,Directed,5746,,1.0
250,338,Directed,5150,,1.0
250,445,Directed,5360,,1.0
250,452,Directed,5376,,1.0
250,740,Directed,5992,,1.0
250,772,Directed,6039,,1.0
250,947,Directed,6359,,1.0
251,353,Directed,5179,,1.0
251,447,Directed,5368,,1.0
251,473,Directed,5416,,1.0
251,992,Directed,6455,,1.0
252,509,Directed,5516,,1.0
252,801,Directed,6094,,1.0
253,480,Directed,5428,,1.0
254,543,Directed,5586,,1.0
255,315,Directed,5095,,1.0
255,345,Directed,5163,,1.0
255,814,Directed,6120,,1.0
255,935,Directed,6340,,1.0
255,974,Directed,6419,,1.0
256,514,Directed,5529,,1.0
257,342,Directed,5158,,1.0
257,510,Directed,5520,,1.0
257,520,Directed,5542,,1.0
257,730,Directed,5976,,1.0
258,367,Directed,5205,,1.0
258,421,Directed,5317,,1.0
258,539,Directed,5580,,1.0
258,560,Directed,5616,,1.0
258,616,Directed,5736,,1.0
258,660,Directed,5834,,1.0
258,1000,Directed,6468,,1.0
260,488,Directed,5464,,1.0
261,816,Directed,6122,,1.0
263,304,Directed,5077,,1.0
265,388,Directed,5259,,1.0
265,532,Directed,5561,,1.0
265,696,Directed,5906,,1.0
265,724,Directed,5968,,1.0
265,942,Directed,6349,,1.0
266,507,Directed,5512,,1.0
266,843,Directed,6169,,1.0
268,403,Directed,5284,,1.0
268,469,Directed,5409,,1.0
268,645,Directed,5805,,1.0
269,574,Directed,5647,,1.0
269,684,Directed,5875,,1.0
270,422,Directed,5319,,1.0
270,425,Directed,5322,,1.0
270,883,Directed,6234,,1.0
271,289,Directed,5042,,1.0
271,395,Directed,5270,,1.0
273,510,Directed,5522,,1.0
273,607,Directed,5716,,1.0
273,621,Directed,5753,,1.0
273,733,Directed,5981,,1.0
274,289,Directed,5043,,1.0
274,294,Directed,5061,,1.0
275,550,Directed,5596,,1.0
275,767,Directed,6029,,1.0
276,359,Directed,5192,,1.0
279,385,Directed,5251,,1.0
281,541,Directed,5584,,1.0
282,498,Directed,5486,,1.0
282,581,Directed,5658,,1.0
282,621,Directed,5749,,1.0
282,991,Directed,6454,,1.0
283,322,Directed,5113,,1.0
284,968,Directed,6410,,1.0
286,322,Directed,5114,,1.0
286,331,Directed,5134,,1.0
286,374,Directed,5224,,1.0
286,588,Directed,5673,,1.0
286,673,Directed,5856,,1.0
286,816,Directed,6126,,1.0
287,432,Directed,5338,,1.0
287,503,Directed,5499,,1.0
287,536,Directed,5573,,1.0
287,798,Directed,6080,,1.0
288,292,Directed,5054,,1.0
289,669,Directed,5850,,1.0
289,916,Directed,6294,,1.0
290,488,Directed,5460,,1.0
291,441,Directed,5349,,1.0
291,563,Directed,5619,,1.0
291,896,Directed,6257,,1.0
292,823,Directed,6140,,1.0
292,890,Directed,6245,,1.0
293,770,Directed,6036,,1.0
294,514,Directed,5532,,1.0
295,457,Directed,5389,,1.0
295,908,Directed,6281,,1.0
296,311,Directed,5087,,1.0
296,509,Directed,5518,,1.0
296,689,Directed,5885,,1.0
298,435,Directed,5342,,1.0
299,393,Directed,5265,,1.0
299,499,Directed,5495,,1.0
300,752,Directed,6006,,1.0
301,986,Directed,6447,,1.0
303,769,Directed,6035,,1.0
304,440,Directed,5347,,1.0
305,339,Directed,5151,,1.0
305,383,Directed,5247,,1.0
305,412,Directed,5300,,1.0
305,647,Directed,5810,,1.0
305,846,Directed,6178,,2.0
306,624,Directed,5759,,1.0
306,923,Directed,6313,,1.0
308,679,Directed,5867,,1.0
309,380,Directed,5244,,1.0
310,355,Directed,5183,,1.0
310,474,Directed,5419,,1.0
310,691,Directed,5890,,1.0
310,948,Directed,6368,,1.0
311,363,Directed,5200,,1.0
311,688,Directed,5881,,1.0
313,732,Directed,5979,,1.0
316,931,Directed,6332,,1.0
317,754,Directed,6010,,1.0
318,480,Directed,5435,,1.0
318,839,Directed,6163,,1.0
318,896,Directed,6258,,1.0
319,390,Directed,5261,,1.0
320,560,Directed,5613,,1.0
320,650,Directed,5813,,1.0
320,678,Directed,5863,,1.0
321,357,Directed,5188,,1.0
321,513,Directed,5526,,1.0
321,534,Directed,5568,,1.0
322,430,Directed,5335,,1.0
322,840,Directed,6165,,1.0
323,387,Directed,5254,,1.0
323,490,Directed,5468,,1.0
323,533,Directed,5564,,1.0
323,695,Directed,5899,,1.0
324,404,Directed,5287,,1.0
324,607,Directed,5711,,1.0
324,873,Directed,6217,,1.0
324,886,Directed,6239,,1.0
325,532,Directed,5563,,1.0
326,368,Directed,5207,,1.0
326,565,Directed,5622,,1.0
326,722,Directed,5965,,1.0
327,534,Directed,5571,,1.0
327,760,Directed,6019,,1.0
328,451,Directed,5374,,1.0
328,517,Directed,5537,,1.0
329,331,Directed,5136,,1.0
329,476,Directed,5421,,1.0
329,787,Directed,6061,,1.0
330,930,Directed,6329,,1.0
331,354,Directed,5180,,1.0
331,584,Directed,5664,,1.0
331,655,Directed,5821,,1.0
331,723,Directed,5967,,1.0
335,336,Directed,5146,,1.0
335,378,Directed,5238,,1.0
335,452,Directed,5375,,1.0
335,583,Directed,5663,,1.0
335,595,Directed,5692,,1.0
336,388,Directed,5257,,1.0
336,413,Directed,5303,,1.0
339,404,Directed,5286,,1.0
340,359,Directed,5193,,1.0
340,475,Directed,5420,,1.0
340,484,Directed,5450,,1.0
340,798,Directed,6087,,1.0
342,897,Directed,6261,,1.0
344,460,Directed,5395,,1.0
344,570,Directed,5630,,1.0
346,646,Directed,5809,,1.0
347,560,Directed,5614,,1.0
348,383,Directed,5248,,1.0
348,969,Directed,6411,,1.0
349,619,Directed,5740,,1.0
349,767,Directed,6033,,1.0
351,453,Directed,5378,,1.0
354,777,Directed,6047,,1.0
356,472,Directed,5414,,1.0
356,785,Directed,6058,,1.0
356,901,Directed,6267,,1.0
357,456,Directed,5386,,1.0
357,702,Directed,5925,,1.0
357,747,Directed,6001,,1.0
357,832,Directed,6154,,1.0
357,968,Directed,6408,,1.0
358,495,Directed,5481,,1.0
358,631,Directed,5773,,1.0
358,687,Directed,5880,,1.0
358,851,Directed,6188,,1.0
358,887,Directed,6241,,1.0
358,924,Directed,6317,,1.0
358,926,Directed,6322,,1.0
358,931,Directed,6331,,1.0
359,455,Directed,5384,,1.0
359,536,Directed,5574,,1.0
359,639,Directed,5786,,1.0
359,642,Directed,5797,,1.0
359,699,Directed,5919,,1.0
359,863,Directed,6200,,1.0
360,808,Directed,6106,,1.0
361,819,Directed,6132,,1.0
363,501,Directed,5497,,1.0
363,767,Directed,6030,,1.0
364,487,Directed,5458,,1.0
364,628,Directed,5767,,1.0
366,782,Directed,6053,,1.0
366,798,Directed,6089,,1.0
367,610,Directed,5724,,1.0
368,431,Directed,5336,,1.0
368,547,Directed,5591,,1.0
368,743,Directed,5995,,1.0
374,468,Directed,5407,,1.0
377,380,Directed,5242,,1.0
377,577,Directed,5650,,1.0
380,676,Directed,5860,,1.0
382,552,Directed,5599,,1.0
384,490,Directed,5467,,1.0
384,506,Directed,5509,,1.0
390,961,Directed,6397,,1.0
391,524,Directed,5548,,1.0
391,577,Directed,5652,,1.0
392,477,Directed,5423,,1.0
392,490,Directed,5470,,1.0
392,492,Directed,5476,,1.0
392,845,Directed,6175,,1.0
394,430,Directed,5333,,1.0
394,467,Directed,5405,,1.0
395,541,Directed,5582,,1.0
395,941,Directed,6348,,1.0
397,827,Directed,6146,,1.0
398,426,Directed,5325,,1.0
398,890,Directed,6246,,1.0
399,648,Directed,5811,,1.0
401,510,Directed,5523,,1.0
401,528,Directed,5554,,1.0
401,593,Directed,5685,,1.0
401,602,Directed,5703,,1.0
401,607,Directed,5714,,1.0
401,693,Directed,5894,,1.0
401,977,Directed,6427,,1.0
402,852,Directed,6189,,1.0
403,901,Directed,6268,,1.0
404,482,Directed,5442,,1.0
404,594,Directed,5686,,1.0
404,733,Directed,5980,,1.0
404,907,Directed,6278,,1.0
406,949,Directed,6371,,1.0
407,936,Directed,6341,,1.0
408,459,Directed,5393,,1.0
409,652,Directed,5817,,1.0
409,684,Directed,5874,,1.0
410,539,Directed,5578,,1.0
410,704,Directed,5931,,1.0
412,816,Directed,6123,,1.0
413,428,Directed,5331,,1.0
416,491,Directed,5474,,1.0
416,492,Directed,5475,,1.0
418,895,Directed,6255,,1.0
418,972,Directed,6416,,1.0
419,468,Directed,5408,,1.0
420,479,Directed,5426,,1.0
420,487,Directed,5457,,1.0
420,506,Directed,5508,,1.0
420,688,Directed,5883,,1.0
420,906,Directed,6277,,1.0
421,777,Directed,6046,,1.0
421,1000,Directed,6465,,1.0
424,593,Directed,5684,,1.0
425,607,Directed,5717,,1.0
428,970,Directed,6412,,1.0
432,480,Directed,5432,,1.0
432,509,Directed,5515,,1.0
432,535,Directed,5572,,1.0
432,867,Directed,6205,,1.0
432,925,Directed,6319,,1.0
432,948,Directed,6370,,1.0
434,558,Directed,5610,,1.0
434,873,Directed,6219,,1.0
435,904,Directed,6273,,1.0
436,472,Directed,5415,,1.0
436,811,Directed,6113,,1.0
437,571,Directed,5633,,1.0
438,603,Directed,5704,,1.0
441,719,Directed,5957,,1.0
443,705,Directed,5933,,1.0
444,874,Directed,6222,,1.0
445,517,Directed,5538,,1.0
445,776,Directed,6044,,1.0
446,456,Directed,5387,,1.0
448,578,Directed,5654,,1.0
448,952,Directed,6376,,1.0
450,509,Directed,5517,,1.0
455,710,Directed,5943,,1.0
455,830,Directed,6152,,1.0
457,480,Directed,5436,,1.0
457,531,Directed,5559,,1.0
458,622,Directed,5754,,1.0
459,498,Directed,5487,,1.0
459,551,Directed,5598,,1.0
460,961,Directed,6393,,1.0
462,482,Directed,5445,,1.0
462,727,Directed,5971,,1.0
462,736,Directed,5984,,1.0
462,860,Directed,6197,,1.0
463,722,Directed,5963,,1.0
463,954,Directed,6381,,1.0
465,742,Directed,5994,,1.0
468,532,Directed,5562,,1.0
469,607,Directed,5713,,1.0
469,961,Directed,6398,,1.0
471,833,Directed,6155,,1.0
472,610,Directed,5722,,1.0
472,777,Directed,6045,,1.0
472,849,Directed,6185,,1.0
474,481,Directed,5437,,1.0
480,739,Directed,5988,,1.0
481,518,Directed,5539,,1.0
481,587,Directed,5669,,1.0
481,689,Directed,5884,,1.0
482,608,Directed,5718,,1.0
483,507,Directed,5511,,1.0
483,731,Directed,5977,,1.0
483,985,Directed,6445,,1.0
484,496,Directed,5483,,1.0
484,499,Directed,5490,,1.0
487,540,Directed,5581,,1.0
489,704,Directed,5930,,1.0
489,744,Directed,5996,,1.0
490,707,Directed,5939,,1.0
491,926,Directed,6323,,1.0
492,609,Directed,5721,,1.0
492,927,Directed,6324,,1.0
494,1000,Directed,6469,,1.0
497,509,Directed,5519,,1.0
498,799,Directed,6091,,1.0
498,806,Directed,6101,,1.0
499,707,Directed,5937,,1.0
500,739,Directed,5989,,1.0
501,697,Directed,5911,,1.0
501,823,Directed,6137,,1.0
501,965,Directed,6403,,1.0
508,847,Directed,6180,,1.0
511,635,Directed,5780,,1.0
511,817,Directed,6129,,1.0
511,892,Directed,6248,,1.0
513,986,Directed,6449,,1.0
515,617,Directed,5738,,1.0
516,819,Directed,6133,,1.0
519,655,Directed,5823,,1.0
522,566,Directed,5624,,1.0
524,657,Directed,5826,,1.0
524,916,Directed,6293,,1.0
526,727,Directed,5972,,1.0
528,895,Directed,6253,,1.0
529,711,Directed,5946,,1.0
529,881,Directed,6230,,1.0
530,735,Directed,5983,,1.0
531,813,Directed,6116,,1.0
531,888,Directed,6242,,1.0
534,581,Directed,5659,,1.0
540,874,Directed,6221,,1.0
544,869,Directed,6210,,1.0
552,704,Directed,5932,,1.0
554,873,Directed,6218,,1.0
555,638,Directed,5785,,1.0
556,717,Directed,5953,,1.0
561,695,Directed,5896,,1.0
563,610,Directed,5723,,1.0
563,944,Directed,6354,,1.0
569,976,Directed,6426,,1.0
570,792,Directed,6068,,1.0
571,610,Directed,5726,,1.0
572,633,Directed,5778,,1.0
573,798,Directed,6081,,1.0
578,586,Directed,5666,,1.0
578,834,Directed,6156,,1.0
582,918,Directed,6301,,1.0
582,988,Directed,6451,,1.0
583,854,Directed,6191,,1.0
586,750,Directed,6004,,1.0
587,727,Directed,5973,,1.0
587,836,Directed,6159,,1.0
592,628,Directed,5765,,1.0
597,907,Directed,6280,,1.0
599,699,Directed,5920,,1.0
605,623,Directed,5756,,1.0
608,814,Directed,6117,,1.0
609,731,Directed,5978,,1.0
609,757,Directed,6014,,1.0
609,857,Directed,6194,,1.0
609,981,Directed,6434,,1.0
611,640,Directed,5793,,1.0
611,953,Directed,6380,,1.0
612,630,Directed,5770,,1.0
613,974,Directed,6418,,1.0
614,722,Directed,5964,,1.0
614,948,Directed,6364,,1.0
615,697,Directed,5912,,1.0
618,721,Directed,5961,,1.0
619,866,Directed,6204,,1.0
620,621,Directed,5750,,1.0
623,691,Directed,5889,,1.0
623,697,Directed,5910,,1.0
623,812,Directed,6115,,1.0
623,875,Directed,6223,,1.0
624,760,Directed,6018,,1.0
627,761,Directed,6021,,1.0
635,797,Directed,6079,,1.0
638,676,Directed,5861,,1.0
638,849,Directed,6186,,1.0
638,862,Directed,6199,,1.0
640,700,Directed,5922,,1.0
644,765,Directed,6026,,1.0
644,960,Directed,6392,,1.0
646,745,Directed,5997,,1.0
648,883,Directed,6232,,1.0
650,758,Directed,6015,,1.0
657,780,Directed,6051,,1.0
658,796,Directed,6074,,1.0
661,673,Directed,5855,,1.0
665,707,Directed,5938,,1.0
667,844,Directed,6172,,1.0
668,883,Directed,6233,,1.0
668,943,Directed,6352,,1.0
669,831,Directed,6153,,1.0
676,922,Directed,6311,,1.0
681,882,Directed,6231,,1.0
684,918,Directed,6300,,1.0
685,697,Directed,5913,,1.0
688,738,Directed,5986,,1.0
690,797,Directed,6076,,1.0
690,973,Directed,6417,,1.0
692,798,Directed,6085,,1.0
693,703,Directed,5926,,1.0
693,816,Directed,6124,,1.0
694,786,Directed,6060,,1.0
694,926,Directed,6321,,1.0
696,753,Directed,6008,,1.0
698,977,Directed,6428,,1.0
699,702,Directed,5924,,1.0
701,797,Directed,6078,,1.0
703,922,Directed,6310,,1.0
705,843,Directed,6170,,1.0
712,843,Directed,6171,,1.0
714,754,Directed,6009,,1.0
715,886,Directed,6237,,1.0
720,905,Directed,6275,,1.0
728,822,Directed,6136,,1.0
729,847,Directed,6179,,1.0
730,923,Directed,6315,,1.0
743,957,Directed,6384,,1.0
750,799,Directed,6092,,1.0
751,899,Directed,6264,,1.0
751,950,Directed,6372,,1.0
758,970,Directed,6413,,1.0
761,847,Directed,6182,,1.0
762,786,Directed,6059,,1.0
764,975,Directed,6422,,1.0
774,948,Directed,6363,,1.0
778,845,Directed,6176,,1.0
779,952,Directed,6377,,1.0
779,960,Directed,6391,,1.0
785,838,Directed,6162,,1.0
787,815,Directed,6121,,1.0
787,971,Directed,6415,,1.0
791,809,Directed,6107,,1.0
793,932,Directed,6337,,1.0
800,916,Directed,6295,,1.0
801,979,Directed,6431,,1.0
804,945,Directed,6355,,1.0
804,996,Directed,6460,,1.0
808,920,Directed,6306,,1.0
810,998,Directed,6463,,1.0
811,943,Directed,6351,,1.0
814,856,Directed,6193,,1.0
818,947,Directed,6360,,1.0
819,958,Directed,6385,,1.0
820,999,Directed,6464,,1.0
834,980,Directed,6432,,1.0
835,910,Directed,6286,,1.0
841,870,Directed,6213,,1.0
878,899,Directed,6265,,1.0
902,953,Directed,6379,,1.0
911,934,Directed,6339,,1.0
931,983,Directed,6438,,1.0
937,963,Directed,6401,,1.0
940,961,Directed,6395,,1.0
955,956,Directed,6383,,1.0
