318,320,,p0[,*M+,]=1;,,p0[318*M+320]=1;
271,272,,p0[,*M+,]=threshold;,,p0[271*M+272]=threshold;
70,71,,p0[,*M+,]=threshold;,,p0[70*M+71]=threshold;
70,72,,p0[,*M+,]=threshold;,,p0[70*M+72]=threshold;
71,72,,p0[,*M+,]=threshold;,,p0[71*M+72]=threshold;
71,73,,p0[,*M+,]=threshold;,,p0[71*M+73]=threshold;
72,73,,p0[,*M+,]=threshold;,,p0[72*M+73]=threshold;
72,74,,p0[,*M+,]=threshold;,,p0[72*M+74]=threshold;
72,83,,p0[,*M+,]=threshold;,,p0[72*M+83]=threshold;
73,74,,p0[,*M+,]=threshold;,,p0[73*M+74]=threshold;
73,75,,p0[,*M+,]=threshold;,,p0[73*M+75]=threshold;
73,140,,p0[,*M+,]=threshold;,,p0[73*M+140]=threshold;
74,75,,p0[,*M+,]=threshold;,,p0[74*M+75]=threshold;
74,76,,p0[,*M+,]=threshold;,,p0[74*M+76]=threshold;
75,77,,p0[,*M+,]=threshold;,,p0[75*M+77]=threshold;
76,77,,p0[,*M+,]=threshold;,,p0[76*M+77]=threshold;
77,78,,p0[,*M+,]=threshold;,,p0[77*M+78]=threshold;
77,79,,p0[,*M+,]=threshold;,,p0[77*M+79]=threshold;
78,79,,p0[,*M+,]=threshold;,,p0[78*M+79]=threshold;
78,80,,p0[,*M+,]=threshold;,,p0[78*M+80]=threshold;
78,296,,p0[,*M+,]=threshold;,,p0[78*M+296]=threshold;
79,80,,p0[,*M+,]=threshold;,,p0[79*M+80]=threshold;
80,81,,p0[,*M+,]=threshold;,,p0[80*M+81]=threshold;
81,83,,p0[,*M+,]=threshold;,,p0[81*M+83]=threshold;
81,478,,p0[,*M+,]=threshold;,,p0[81*M+478]=threshold;
82,83,,p0[,*M+,]=threshold;,,p0[82*M+83]=threshold;
82,84,,p0[,*M+,]=threshold;,,p0[82*M+84]=threshold;
83,84,,p0[,*M+,]=threshold;,,p0[83*M+84]=threshold;
83,85,,p0[,*M+,]=threshold;,,p0[83*M+85]=threshold;
84,85,,p0[,*M+,]=threshold;,,p0[84*M+85]=threshold;
84,86,,p0[,*M+,]=threshold;,,p0[84*M+86]=threshold;
84,417,,p0[,*M+,]=threshold;,,p0[84*M+417]=threshold;
86,87,,p0[,*M+,]=threshold;,,p0[86*M+87]=threshold;
86,88,,p0[,*M+,]=threshold;,,p0[86*M+88]=threshold;
86,339,,p0[,*M+,]=threshold;,,p0[86*M+339]=threshold;
86,467,,p0[,*M+,]=threshold;,,p0[86*M+467]=threshold;
87,88,,p0[,*M+,]=threshold;,,p0[87*M+88]=threshold;
87,89,,p0[,*M+,]=threshold;,,p0[87*M+89]=threshold;
88,89,,p0[,*M+,]=threshold;,,p0[88*M+89]=threshold;
88,90,,p0[,*M+,]=threshold;,,p0[88*M+90]=threshold;
88,232,,p0[,*M+,]=threshold;,,p0[88*M+232]=threshold;
89,90,,p0[,*M+,]=threshold;,,p0[89*M+90]=threshold;
89,91,,p0[,*M+,]=threshold;,,p0[89*M+91]=threshold;
90,91,,p0[,*M+,]=threshold;,,p0[90*M+91]=threshold;
90,92,,p0[,*M+,]=threshold;,,p0[90*M+92]=threshold;
91,92,,p0[,*M+,]=threshold;,,p0[91*M+92]=threshold;
91,93,,p0[,*M+,]=threshold;,,p0[91*M+93]=threshold;
91,204,,p0[,*M+,]=threshold;,,p0[91*M+204]=threshold;
92,93,,p0[,*M+,]=threshold;,,p0[92*M+93]=threshold;
92,94,,p0[,*M+,]=threshold;,,p0[92*M+94]=threshold;
92,411,,p0[,*M+,]=threshold;,,p0[92*M+411]=threshold;
92,437,,p0[,*M+,]=threshold;,,p0[92*M+437]=threshold;
93,94,,p0[,*M+,]=threshold;,,p0[93*M+94]=threshold;
93,393,,p0[,*M+,]=threshold;,,p0[93*M+393]=threshold;
94,95,,p0[,*M+,]=threshold;,,p0[94*M+95]=threshold;
94,96,,p0[,*M+,]=threshold;,,p0[94*M+96]=threshold;
95,96,,p0[,*M+,]=threshold;,,p0[95*M+96]=threshold;
95,203,,p0[,*M+,]=threshold;,,p0[95*M+203]=threshold;
96,98,,p0[,*M+,]=threshold;,,p0[96*M+98]=threshold;
96,130,,p0[,*M+,]=threshold;,,p0[96*M+130]=threshold;
97,98,,p0[,*M+,]=threshold;,,p0[97*M+98]=threshold;
97,99,,p0[,*M+,]=threshold;,,p0[97*M+99]=threshold;
97,215,,p0[,*M+,]=threshold;,,p0[97*M+215]=threshold;
97,325,,p0[,*M+,]=threshold;,,p0[97*M+325]=threshold;
98,99,,p0[,*M+,]=threshold;,,p0[98*M+99]=threshold;
99,100,,p0[,*M+,]=threshold;,,p0[99*M+100]=threshold;
99,101,,p0[,*M+,]=threshold;,,p0[99*M+101]=threshold;
100,102,,p0[,*M+,]=threshold;,,p0[100*M+102]=threshold;
100,379,,p0[,*M+,]=threshold;,,p0[100*M+379]=threshold;
101,102,,p0[,*M+,]=threshold;,,p0[101*M+102]=threshold;
101,103,,p0[,*M+,]=threshold;,,p0[101*M+103]=threshold;
102,103,,p0[,*M+,]=threshold;,,p0[102*M+103]=threshold;
102,104,,p0[,*M+,]=threshold;,,p0[102*M+104]=threshold;
102,349,,p0[,*M+,]=threshold;,,p0[102*M+349]=threshold;
40,41,,p0[,*M+,]=threshold;,,p0[40*M+41]=threshold;
40,48,,p0[,*M+,]=threshold;,,p0[40*M+48]=threshold;
41,42,,p0[,*M+,]=threshold;,,p0[41*M+42]=threshold;
41,43,,p0[,*M+,]=threshold;,,p0[41*M+43]=threshold;
42,43,,p0[,*M+,]=threshold;,,p0[42*M+43]=threshold;
42,44,,p0[,*M+,]=threshold;,,p0[42*M+44]=threshold;
43,44,,p0[,*M+,]=threshold;,,p0[43*M+44]=threshold;
43,45,,p0[,*M+,]=threshold;,,p0[43*M+45]=threshold;
43,247,,p0[,*M+,]=threshold;,,p0[43*M+247]=threshold;
43,304,,p0[,*M+,]=threshold;,,p0[43*M+304]=threshold;
44,45,,p0[,*M+,]=threshold;,,p0[44*M+45]=threshold;
44,46,,p0[,*M+,]=threshold;,,p0[44*M+46]=threshold;
44,154,,p0[,*M+,]=threshold;,,p0[44*M+154]=threshold;
45,46,,p0[,*M+,]=threshold;,,p0[45*M+46]=threshold;
45,47,,p0[,*M+,]=threshold;,,p0[45*M+47]=threshold;
45,169,,p0[,*M+,]=threshold;,,p0[45*M+169]=threshold;
45,421,,p0[,*M+,]=threshold;,,p0[45*M+421]=threshold;
46,47,,p0[,*M+,]=threshold;,,p0[46*M+47]=threshold;
46,287,,p0[,*M+,]=threshold;,,p0[46*M+287]=threshold;
46,417,,p0[,*M+,]=threshold;,,p0[46*M+417]=threshold;
46,454,,p0[,*M+,]=threshold;,,p0[46*M+454]=threshold;
47,48,,p0[,*M+,]=threshold;,,p0[47*M+48]=threshold;
47,49,,p0[,*M+,]=threshold;,,p0[47*M+49]=threshold;
47,110,,p0[,*M+,]=threshold;,,p0[47*M+110]=threshold;
103,104,,p0[,*M+,]=threshold;,,p0[103*M+104]=threshold;
103,350,,p0[,*M+,]=threshold;,,p0[103*M+350]=threshold;
104,105,,p0[,*M+,]=threshold;,,p0[104*M+105]=threshold;
104,245,,p0[,*M+,]=threshold;,,p0[104*M+245]=threshold;
105,106,,p0[,*M+,]=threshold;,,p0[105*M+106]=threshold;
105,238,,p0[,*M+,]=threshold;,,p0[105*M+238]=threshold;
106,107,,p0[,*M+,]=threshold;,,p0[106*M+107]=threshold;
106,108,,p0[,*M+,]=threshold;,,p0[106*M+108]=threshold;
106,135,,p0[,*M+,]=threshold;,,p0[106*M+135]=threshold;
107,108,,p0[,*M+,]=threshold;,,p0[107*M+108]=threshold;
107,109,,p0[,*M+,]=threshold;,,p0[107*M+109]=threshold;
108,109,,p0[,*M+,]=threshold;,,p0[108*M+109]=threshold;
109,110,,p0[,*M+,]=threshold;,,p0[109*M+110]=threshold;
109,111,,p0[,*M+,]=threshold;,,p0[109*M+111]=threshold;
110,111,,p0[,*M+,]=threshold;,,p0[110*M+111]=threshold;
110,112,,p0[,*M+,]=threshold;,,p0[110*M+112]=threshold;
110,492,,p0[,*M+,]=threshold;,,p0[110*M+492]=threshold;
111,112,,p0[,*M+,]=threshold;,,p0[111*M+112]=threshold;
112,113,,p0[,*M+,]=threshold;,,p0[112*M+113]=threshold;
112,114,,p0[,*M+,]=threshold;,,p0[112*M+114]=threshold;
113,114,,p0[,*M+,]=threshold;,,p0[113*M+114]=threshold;
113,115,,p0[,*M+,]=threshold;,,p0[113*M+115]=threshold;
114,116,,p0[,*M+,]=threshold;,,p0[114*M+116]=threshold;
115,116,,p0[,*M+,]=threshold;,,p0[115*M+116]=threshold;
115,117,,p0[,*M+,]=threshold;,,p0[115*M+117]=threshold;
115,178,,p0[,*M+,]=threshold;,,p0[115*M+178]=threshold;
115,191,,p0[,*M+,]=threshold;,,p0[115*M+191]=threshold;
116,117,,p0[,*M+,]=threshold;,,p0[116*M+117]=threshold;
116,118,,p0[,*M+,]=threshold;,,p0[116*M+118]=threshold;
117,118,,p0[,*M+,]=threshold;,,p0[117*M+118]=threshold;
117,119,,p0[,*M+,]=threshold;,,p0[117*M+119]=threshold;
118,119,,p0[,*M+,]=threshold;,,p0[118*M+119]=threshold;
118,120,,p0[,*M+,]=threshold;,,p0[118*M+120]=threshold;
119,120,,p0[,*M+,]=threshold;,,p0[119*M+120]=threshold;
119,121,,p0[,*M+,]=threshold;,,p0[119*M+121]=threshold;
120,122,,p0[,*M+,]=threshold;,,p0[120*M+122]=threshold;
120,214,,p0[,*M+,]=threshold;,,p0[120*M+214]=threshold;
121,122,,p0[,*M+,]=threshold;,,p0[121*M+122]=threshold;
121,123,,p0[,*M+,]=threshold;,,p0[121*M+123]=threshold;
122,123,,p0[,*M+,]=threshold;,,p0[122*M+123]=threshold;
122,124,,p0[,*M+,]=threshold;,,p0[122*M+124]=threshold;
123,125,,p0[,*M+,]=threshold;,,p0[123*M+125]=threshold;
125,126,,p0[,*M+,]=threshold;,,p0[125*M+126]=threshold;
125,435,,p0[,*M+,]=threshold;,,p0[125*M+435]=threshold;
126,127,,p0[,*M+,]=threshold;,,p0[126*M+127]=threshold;
126,128,,p0[,*M+,]=threshold;,,p0[126*M+128]=threshold;
126,233,,p0[,*M+,]=threshold;,,p0[126*M+233]=threshold;
127,128,,p0[,*M+,]=threshold;,,p0[127*M+128]=threshold;
9,10,,p0[,*M+,]=threshold;,,p0[9*M+10]=threshold;
9,11,,p0[,*M+,]=threshold;,,p0[9*M+11]=threshold;
10,11,,p0[,*M+,]=threshold;,,p0[10*M+11]=threshold;
10,169,,p0[,*M+,]=threshold;,,p0[10*M+169]=threshold;
10,403,,p0[,*M+,]=threshold;,,p0[10*M+403]=threshold;
10,430,,p0[,*M+,]=threshold;,,p0[10*M+430]=threshold;
61,169,,p0[,*M+,]=threshold;,,p0[61*M+169]=threshold;
169,171,,p0[,*M+,]=threshold;,,p0[169*M+171]=threshold;
11,12,,p0[,*M+,]=threshold;,,p0[11*M+12]=threshold;
11,13,,p0[,*M+,]=threshold;,,p0[11*M+13]=threshold;
12,13,,p0[,*M+,]=threshold;,,p0[12*M+13]=threshold;
12,14,,p0[,*M+,]=threshold;,,p0[12*M+14]=threshold;
12,276,,p0[,*M+,]=threshold;,,p0[12*M+276]=threshold;
12,476,,p0[,*M+,]=threshold;,,p0[12*M+476]=threshold;
13,14,,p0[,*M+,]=threshold;,,p0[13*M+14]=threshold;
13,15,,p0[,*M+,]=threshold;,,p0[13*M+15]=threshold;
13,354,,p0[,*M+,]=threshold;,,p0[13*M+354]=threshold;
14,15,,p0[,*M+,]=threshold;,,p0[14*M+15]=threshold;
14,201,,p0[,*M+,]=threshold;,,p0[14*M+201]=threshold;
15,16,,p0[,*M+,]=threshold;,,p0[15*M+16]=threshold;
15,17,,p0[,*M+,]=threshold;,,p0[15*M+17]=threshold;
15,212,,p0[,*M+,]=threshold;,,p0[15*M+212]=threshold;
16,17,,p0[,*M+,]=threshold;,,p0[16*M+17]=threshold;
16,18,,p0[,*M+,]=threshold;,,p0[16*M+18]=threshold;
16,55,,p0[,*M+,]=threshold;,,p0[16*M+55]=threshold;
17,18,,p0[,*M+,]=threshold;,,p0[17*M+18]=threshold;
17,19,,p0[,*M+,]=threshold;,,p0[17*M+19]=threshold;
17,21,,p0[,*M+,]=threshold;,,p0[17*M+21]=threshold;
18,20,,p0[,*M+,]=threshold;,,p0[18*M+20]=threshold;
19,20,,p0[,*M+,]=threshold;,,p0[19*M+20]=threshold;
19,21,,p0[,*M+,]=threshold;,,p0[19*M+21]=threshold;
20,21,,p0[,*M+,]=threshold;,,p0[20*M+21]=threshold;
20,22,,p0[,*M+,]=threshold;,,p0[20*M+22]=threshold;
20,217,,p0[,*M+,]=threshold;,,p0[20*M+217]=threshold;
21,22,,p0[,*M+,]=threshold;,,p0[21*M+22]=threshold;
21,23,,p0[,*M+,]=threshold;,,p0[21*M+23]=threshold;
21,243,,p0[,*M+,]=threshold;,,p0[21*M+243]=threshold;
22,24,,p0[,*M+,]=threshold;,,p0[22*M+24]=threshold;
22,158,,p0[,*M+,]=threshold;,,p0[22*M+158]=threshold;
24,25,,p0[,*M+,]=threshold;,,p0[24*M+25]=threshold;
24,26,,p0[,*M+,]=threshold;,,p0[24*M+26]=threshold;
25,26,,p0[,*M+,]=threshold;,,p0[25*M+26]=threshold;
26,27,,p0[,*M+,]=threshold;,,p0[26*M+27]=threshold;
26,28,,p0[,*M+,]=threshold;,,p0[26*M+28]=threshold;
26,67,,p0[,*M+,]=threshold;,,p0[26*M+67]=threshold;
27,28,,p0[,*M+,]=threshold;,,p0[27*M+28]=threshold;
27,29,,p0[,*M+,]=threshold;,,p0[27*M+29]=threshold;
27,125,,p0[,*M+,]=threshold;,,p0[27*M+125]=threshold;
28,29,,p0[,*M+,]=threshold;,,p0[28*M+29]=threshold;
28,30,,p0[,*M+,]=threshold;,,p0[28*M+30]=threshold;
28,383,,p0[,*M+,]=threshold;,,p0[28*M+383]=threshold;
29,30,,p0[,*M+,]=threshold;,,p0[29*M+30]=threshold;
29,31,,p0[,*M+,]=threshold;,,p0[29*M+31]=threshold;
29,242,,p0[,*M+,]=threshold;,,p0[29*M+242]=threshold;
29,340,,p0[,*M+,]=threshold;,,p0[29*M+340]=threshold;
30,31,,p0[,*M+,]=threshold;,,p0[30*M+31]=threshold;
30,32,,p0[,*M+,]=threshold;,,p0[30*M+32]=threshold;
31,32,,p0[,*M+,]=threshold;,,p0[31*M+32]=threshold;
31,33,,p0[,*M+,]=threshold;,,p0[31*M+33]=threshold;
31,375,,p0[,*M+,]=threshold;,,p0[31*M+375]=threshold;
32,34,,p0[,*M+,]=threshold;,,p0[32*M+34]=threshold;
32,366,,p0[,*M+,]=threshold;,,p0[32*M+366]=threshold;
34,35,,p0[,*M+,]=threshold;,,p0[34*M+35]=threshold;
34,36,,p0[,*M+,]=threshold;,,p0[34*M+36]=threshold;
33,34,,p0[,*M+,]=threshold;,,p0[33*M+34]=threshold;
33,35,,p0[,*M+,]=threshold;,,p0[33*M+35]=threshold;
33,296,,p0[,*M+,]=threshold;,,p0[33*M+296]=threshold;
33,442,,p0[,*M+,]=threshold;,,p0[33*M+442]=threshold;
35,36,,p0[,*M+,]=threshold;,,p0[35*M+36]=threshold;
35,84,,p0[,*M+,]=threshold;,,p0[35*M+84]=threshold;
35,383,,p0[,*M+,]=threshold;,,p0[35*M+383]=threshold;
36,37,,p0[,*M+,]=threshold;,,p0[36*M+37]=threshold;
36,38,,p0[,*M+,]=threshold;,,p0[36*M+38]=threshold;
37,39,,p0[,*M+,]=threshold;,,p0[37*M+39]=threshold;
38,39,,p0[,*M+,]=threshold;,,p0[38*M+39]=threshold;
38,40,,p0[,*M+,]=threshold;,,p0[38*M+40]=threshold;
38,83,,p0[,*M+,]=threshold;,,p0[38*M+83]=threshold;
39,40,,p0[,*M+,]=threshold;,,p0[39*M+40]=threshold;
185,186,,p0[,*M+,]=threshold;,,p0[185*M+186]=threshold;
186,362,,p0[,*M+,]=threshold;,,p0[186*M+362]=threshold;
186,434,,p0[,*M+,]=threshold;,,p0[186*M+434]=threshold;
362,363,,p0[,*M+,]=threshold;,,p0[362*M+363]=threshold;
362,364,,p0[,*M+,]=threshold;,,p0[362*M+364]=threshold;
363,364,,p0[,*M+,]=threshold;,,p0[363*M+364]=threshold;
363,365,,p0[,*M+,]=threshold;,,p0[363*M+365]=threshold;
364,365,,p0[,*M+,]=threshold;,,p0[364*M+365]=threshold;
365,366,,p0[,*M+,]=threshold;,,p0[365*M+366]=threshold;
365,367,,p0[,*M+,]=threshold;,,p0[365*M+367]=threshold;
366,367,,p0[,*M+,]=threshold;,,p0[366*M+367]=threshold;
366,368,,p0[,*M+,]=threshold;,,p0[366*M+368]=threshold;
367,368,,p0[,*M+,]=threshold;,,p0[367*M+368]=threshold;
367,369,,p0[,*M+,]=threshold;,,p0[367*M+369]=threshold;
367,425,,p0[,*M+,]=threshold;,,p0[367*M+425]=threshold;
368,369,,p0[,*M+,]=threshold;,,p0[368*M+369]=threshold;
368,370,,p0[,*M+,]=threshold;,,p0[368*M+370]=threshold;
369,371,,p0[,*M+,]=threshold;,,p0[369*M+371]=threshold;
369,481,,p0[,*M+,]=threshold;,,p0[369*M+481]=threshold;
370,371,,p0[,*M+,]=threshold;,,p0[370*M+371]=threshold;
371,372,,p0[,*M+,]=threshold;,,p0[371*M+372]=threshold;
371,373,,p0[,*M+,]=threshold;,,p0[371*M+373]=threshold;
372,374,,p0[,*M+,]=threshold;,,p0[372*M+374]=threshold;
374,375,,p0[,*M+,]=threshold;,,p0[374*M+375]=threshold;
374,376,,p0[,*M+,]=threshold;,,p0[374*M+376]=threshold;
373,374,,p0[,*M+,]=threshold;,,p0[373*M+374]=threshold;
373,375,,p0[,*M+,]=threshold;,,p0[373*M+375]=threshold;
375,376,,p0[,*M+,]=threshold;,,p0[375*M+376]=threshold;
375,377,,p0[,*M+,]=threshold;,,p0[375*M+377]=threshold;
124,125,,p0[,*M+,]=threshold;,,p0[124*M+125]=threshold;
124,133,,p0[,*M+,]=threshold;,,p0[124*M+133]=threshold;
124,282,,p0[,*M+,]=threshold;,,p0[124*M+282]=threshold;
133,134,,p0[,*M+,]=threshold;,,p0[133*M+134]=threshold;
132,133,,p0[,*M+,]=threshold;,,p0[132*M+133]=threshold;
132,134,,p0[,*M+,]=threshold;,,p0[132*M+134]=threshold;
132,287,,p0[,*M+,]=threshold;,,p0[132*M+287]=threshold;
134,135,,p0[,*M+,]=threshold;,,p0[134*M+135]=threshold;
134,136,,p0[,*M+,]=threshold;,,p0[134*M+136]=threshold;
135,136,,p0[,*M+,]=threshold;,,p0[135*M+136]=threshold;
135,137,,p0[,*M+,]=threshold;,,p0[135*M+137]=threshold;
135,171,,p0[,*M+,]=threshold;,,p0[135*M+171]=threshold;
136,137,,p0[,*M+,]=threshold;,,p0[136*M+137]=threshold;
136,222,,p0[,*M+,]=threshold;,,p0[136*M+222]=threshold;
136,318,,p0[,*M+,]=threshold;,,p0[136*M+318]=threshold;
137,139,,p0[,*M+,]=threshold;,,p0[137*M+139]=threshold;
137,260,,p0[,*M+,]=threshold;,,p0[137*M+260]=threshold;
139,140,,p0[,*M+,]=threshold;,,p0[139*M+140]=threshold;
139,175,,p0[,*M+,]=threshold;,,p0[139*M+175]=threshold;
319,320,,p0[,*M+,]=threshold;,,p0[319*M+320]=threshold;
320,322,,p0[,*M+,]=threshold;,,p0[320*M+322]=threshold;
321,322,,p0[,*M+,]=threshold;,,p0[321*M+322]=threshold;
321,323,,p0[,*M+,]=threshold;,,p0[321*M+323]=threshold;
322,323,,p0[,*M+,]=threshold;,,p0[322*M+323]=threshold;
322,324,,p0[,*M+,]=threshold;,,p0[322*M+324]=threshold;
323,324,,p0[,*M+,]=threshold;,,p0[323*M+324]=threshold;
323,325,,p0[,*M+,]=threshold;,,p0[323*M+325]=threshold;
324,326,,p0[,*M+,]=threshold;,,p0[324*M+326]=threshold;
253,254,,p0[,*M+,]=threshold;,,p0[253*M+254]=threshold;
253,255,,p0[,*M+,]=threshold;,,p0[253*M+255]=threshold;
253,315,,p0[,*M+,]=threshold;,,p0[253*M+315]=threshold;
253,488,,p0[,*M+,]=threshold;,,p0[253*M+488]=threshold;
254,255,,p0[,*M+,]=threshold;,,p0[254*M+255]=threshold;
254,277,,p0[,*M+,]=threshold;,,p0[254*M+277]=threshold;
255,256,,p0[,*M+,]=threshold;,,p0[255*M+256]=threshold;
255,257,,p0[,*M+,]=threshold;,,p0[255*M+257]=threshold;
256,257,,p0[,*M+,]=threshold;,,p0[256*M+257]=threshold;
256,258,,p0[,*M+,]=threshold;,,p0[256*M+258]=threshold;
257,258,,p0[,*M+,]=threshold;,,p0[257*M+258]=threshold;
257,259,,p0[,*M+,]=threshold;,,p0[257*M+259]=threshold;
257,374,,p0[,*M+,]=threshold;,,p0[257*M+374]=threshold;
257,397,,p0[,*M+,]=threshold;,,p0[257*M+397]=threshold;
258,259,,p0[,*M+,]=threshold;,,p0[258*M+259]=threshold;
258,260,,p0[,*M+,]=threshold;,,p0[258*M+260]=threshold;
258,270,,p0[,*M+,]=threshold;,,p0[258*M+270]=threshold;
258,387,,p0[,*M+,]=threshold;,,p0[258*M+387]=threshold;
259,261,,p0[,*M+,]=threshold;,,p0[259*M+261]=threshold;
261,263,,p0[,*M+,]=threshold;,,p0[261*M+263]=threshold;
260,261,,p0[,*M+,]=threshold;,,p0[260*M+261]=threshold;
260,262,,p0[,*M+,]=threshold;,,p0[260*M+262]=threshold;
262,263,,p0[,*M+,]=threshold;,,p0[262*M+263]=threshold;
263,264,,p0[,*M+,]=threshold;,,p0[263*M+264]=threshold;
263,265,,p0[,*M+,]=threshold;,,p0[263*M+265]=threshold;
264,265,,p0[,*M+,]=threshold;,,p0[264*M+265]=threshold;
265,267,,p0[,*M+,]=threshold;,,p0[265*M+267]=threshold;
265,400,,p0[,*M+,]=threshold;,,p0[265*M+400]=threshold;
267,268,,p0[,*M+,]=threshold;,,p0[267*M+268]=threshold;
267,269,,p0[,*M+,]=threshold;,,p0[267*M+269]=threshold;
266,268,,p0[,*M+,]=threshold;,,p0[266*M+268]=threshold;
268,269,,p0[,*M+,]=threshold;,,p0[268*M+269]=threshold;
268,270,,p0[,*M+,]=threshold;,,p0[268*M+270]=threshold;
268,369,,p0[,*M+,]=threshold;,,p0[268*M+369]=threshold;
204,205,,p0[,*M+,]=threshold;,,p0[204*M+205]=threshold;
205,206,,p0[,*M+,]=threshold;,,p0[205*M+206]=threshold;
205,207,,p0[,*M+,]=threshold;,,p0[205*M+207]=threshold;
206,207,,p0[,*M+,]=threshold;,,p0[206*M+207]=threshold;
206,208,,p0[,*M+,]=threshold;,,p0[206*M+208]=threshold;
207,208,,p0[,*M+,]=threshold;,,p0[207*M+208]=threshold;
207,209,,p0[,*M+,]=threshold;,,p0[207*M+209]=threshold;
208,209,,p0[,*M+,]=threshold;,,p0[208*M+209]=threshold;
208,210,,p0[,*M+,]=threshold;,,p0[208*M+210]=threshold;
208,448,,p0[,*M+,]=threshold;,,p0[208*M+448]=threshold;
209,210,,p0[,*M+,]=threshold;,,p0[209*M+210]=threshold;
209,211,,p0[,*M+,]=threshold;,,p0[209*M+211]=threshold;
209,284,,p0[,*M+,]=threshold;,,p0[209*M+284]=threshold;
210,413,,p0[,*M+,]=threshold;,,p0[210*M+413]=threshold;
413,414,,p0[,*M+,]=threshold;,,p0[413*M+414]=threshold;
413,415,,p0[,*M+,]=threshold;,,p0[413*M+415]=threshold;
406,407,,p0[,*M+,]=threshold;,,p0[406*M+407]=threshold;
407,408,,p0[,*M+,]=threshold;,,p0[407*M+408]=threshold;
407,409,,p0[,*M+,]=threshold;,,p0[407*M+409]=threshold;
408,409,,p0[,*M+,]=threshold;,,p0[408*M+409]=threshold;
408,410,,p0[,*M+,]=threshold;,,p0[408*M+410]=threshold;
409,495,,p0[,*M+,]=threshold;,,p0[409*M+495]=threshold;
410,411,,p0[,*M+,]=threshold;,,p0[410*M+411]=threshold;
410,412,,p0[,*M+,]=threshold;,,p0[410*M+412]=threshold;
411,412,,p0[,*M+,]=threshold;,,p0[411*M+412]=threshold;
411,413,,p0[,*M+,]=threshold;,,p0[411*M+413]=threshold;
412,413,,p0[,*M+,]=threshold;,,p0[412*M+413]=threshold;
412,414,,p0[,*M+,]=threshold;,,p0[412*M+414]=threshold;
414,415,,p0[,*M+,]=threshold;,,p0[414*M+415]=threshold;
414,418,,p0[,*M+,]=threshold;,,p0[414*M+418]=threshold;
273,274,,p0[,*M+,]=threshold;,,p0[273*M+274]=threshold;
273,275,,p0[,*M+,]=threshold;,,p0[273*M+275]=threshold;
274,276,,p0[,*M+,]=threshold;,,p0[274*M+276]=threshold;
275,276,,p0[,*M+,]=threshold;,,p0[275*M+276]=threshold;
275,277,,p0[,*M+,]=threshold;,,p0[275*M+277]=threshold;
276,278,,p0[,*M+,]=threshold;,,p0[276*M+278]=threshold;
277,278,,p0[,*M+,]=threshold;,,p0[277*M+278]=threshold;
277,279,,p0[,*M+,]=threshold;,,p0[277*M+279]=threshold;
278,279,,p0[,*M+,]=threshold;,,p0[278*M+279]=threshold;
278,280,,p0[,*M+,]=threshold;,,p0[278*M+280]=threshold;
279,280,,p0[,*M+,]=threshold;,,p0[279*M+280]=threshold;
280,281,,p0[,*M+,]=threshold;,,p0[280*M+281]=threshold;
281,282,,p0[,*M+,]=threshold;,,p0[281*M+282]=threshold;
281,283,,p0[,*M+,]=threshold;,,p0[281*M+283]=threshold;
282,283,,p0[,*M+,]=threshold;,,p0[282*M+283]=threshold;
282,284,,p0[,*M+,]=threshold;,,p0[282*M+284]=threshold;
282,328,,p0[,*M+,]=threshold;,,p0[282*M+328]=threshold;
283,284,,p0[,*M+,]=threshold;,,p0[283*M+284]=threshold;
283,285,,p0[,*M+,]=threshold;,,p0[283*M+285]=threshold;
284,285,,p0[,*M+,]=threshold;,,p0[284*M+285]=threshold;
284,286,,p0[,*M+,]=threshold;,,p0[284*M+286]=threshold;
285,287,,p0[,*M+,]=threshold;,,p0[285*M+287]=threshold;
287,288,,p0[,*M+,]=threshold;,,p0[287*M+288]=threshold;
287,289,,p0[,*M+,]=threshold;,,p0[287*M+289]=threshold;
286,287,,p0[,*M+,]=threshold;,,p0[286*M+287]=threshold;
286,288,,p0[,*M+,]=threshold;,,p0[286*M+288]=threshold;
288,289,,p0[,*M+,]=threshold;,,p0[288*M+289]=threshold;
288,290,,p0[,*M+,]=threshold;,,p0[288*M+290]=threshold;
211,212,,p0[,*M+,]=threshold;,,p0[211*M+212]=threshold;
211,213,,p0[,*M+,]=threshold;,,p0[211*M+213]=threshold;
211,364,,p0[,*M+,]=threshold;,,p0[211*M+364]=threshold;
212,214,,p0[,*M+,]=threshold;,,p0[212*M+214]=threshold;
214,215,,p0[,*M+,]=threshold;,,p0[214*M+215]=threshold;
214,216,,p0[,*M+,]=threshold;,,p0[214*M+216]=threshold;
214,476,,p0[,*M+,]=threshold;,,p0[214*M+476]=threshold;
215,216,,p0[,*M+,]=threshold;,,p0[215*M+216]=threshold;
215,217,,p0[,*M+,]=threshold;,,p0[215*M+217]=threshold;
216,218,,p0[,*M+,]=threshold;,,p0[216*M+218]=threshold;
218,219,,p0[,*M+,]=threshold;,,p0[218*M+219]=threshold;
218,220,,p0[,*M+,]=threshold;,,p0[218*M+220]=threshold;
218,369,,p0[,*M+,]=threshold;,,p0[218*M+369]=threshold;
217,219,,p0[,*M+,]=threshold;,,p0[217*M+219]=threshold;
217,331,,p0[,*M+,]=threshold;,,p0[217*M+331]=threshold;
217,429,,p0[,*M+,]=threshold;,,p0[217*M+429]=threshold;
219,220,,p0[,*M+,]=threshold;,,p0[219*M+220]=threshold;
219,221,,p0[,*M+,]=threshold;,,p0[219*M+221]=threshold;
220,221,,p0[,*M+,]=threshold;,,p0[220*M+221]=threshold;
220,222,,p0[,*M+,]=threshold;,,p0[220*M+222]=threshold;
220,265,,p0[,*M+,]=threshold;,,p0[220*M+265]=threshold;
221,223,,p0[,*M+,]=threshold;,,p0[221*M+223]=threshold;
221,233,,p0[,*M+,]=threshold;,,p0[221*M+233]=threshold;
221,291,,p0[,*M+,]=threshold;,,p0[221*M+291]=threshold;
221,321,,p0[,*M+,]=threshold;,,p0[221*M+321]=threshold;
221,451,,p0[,*M+,]=threshold;,,p0[221*M+451]=threshold;
222,223,,p0[,*M+,]=threshold;,,p0[222*M+223]=threshold;
222,224,,p0[,*M+,]=threshold;,,p0[222*M+224]=threshold;
223,224,,p0[,*M+,]=threshold;,,p0[223*M+224]=threshold;
223,225,,p0[,*M+,]=threshold;,,p0[223*M+225]=threshold;
223,272,,p0[,*M+,]=threshold;,,p0[223*M+272]=threshold;
224,225,,p0[,*M+,]=threshold;,,p0[224*M+225]=threshold;
224,226,,p0[,*M+,]=threshold;,,p0[224*M+226]=threshold;
225,226,,p0[,*M+,]=threshold;,,p0[225*M+226]=threshold;
225,227,,p0[,*M+,]=threshold;,,p0[225*M+227]=threshold;
226,227,,p0[,*M+,]=threshold;,,p0[226*M+227]=threshold;
226,228,,p0[,*M+,]=threshold;,,p0[226*M+228]=threshold;
226,307,,p0[,*M+,]=threshold;,,p0[226*M+307]=threshold;
226,340,,p0[,*M+,]=threshold;,,p0[226*M+340]=threshold;
227,228,,p0[,*M+,]=threshold;,,p0[227*M+228]=threshold;
227,229,,p0[,*M+,]=threshold;,,p0[227*M+229]=threshold;
227,321,,p0[,*M+,]=threshold;,,p0[227*M+321]=threshold;
229,230,,p0[,*M+,]=threshold;,,p0[229*M+230]=threshold;
229,231,,p0[,*M+,]=threshold;,,p0[229*M+231]=threshold;
229,344,,p0[,*M+,]=threshold;,,p0[229*M+344]=threshold;
230,231,,p0[,*M+,]=threshold;,,p0[230*M+231]=threshold;
230,232,,p0[,*M+,]=threshold;,,p0[230*M+232]=threshold;
230,295,,p0[,*M+,]=threshold;,,p0[230*M+295]=threshold;
231,232,,p0[,*M+,]=threshold;,,p0[231*M+232]=threshold;
231,233,,p0[,*M+,]=threshold;,,p0[231*M+233]=threshold;
232,233,,p0[,*M+,]=threshold;,,p0[232*M+233]=threshold;
232,466,,p0[,*M+,]=threshold;,,p0[232*M+466]=threshold;
233,235,,p0[,*M+,]=threshold;,,p0[233*M+235]=threshold;
233,471,,p0[,*M+,]=threshold;,,p0[233*M+471]=threshold;
235,237,,p0[,*M+,]=threshold;,,p0[235*M+237]=threshold;
235,297,,p0[,*M+,]=threshold;,,p0[235*M+297]=threshold;
471,473,,p0[,*M+,]=threshold;,,p0[471*M+473]=threshold;
473,474,,p0[,*M+,]=threshold;,,p0[473*M+474]=threshold;
473,475,,p0[,*M+,]=threshold;,,p0[473*M+475]=threshold;
472,473,,p0[,*M+,]=threshold;,,p0[472*M+473]=threshold;
472,474,,p0[,*M+,]=threshold;,,p0[472*M+474]=threshold;
474,475,,p0[,*M+,]=threshold;,,p0[474*M+475]=threshold;
475,476,,p0[,*M+,]=threshold;,,p0[475*M+476]=threshold;
475,477,,p0[,*M+,]=threshold;,,p0[475*M+477]=threshold;
476,478,,p0[,*M+,]=threshold;,,p0[476*M+478]=threshold;
289,290,,p0[,*M+,]=threshold;,,p0[289*M+290]=threshold;
289,291,,p0[,*M+,]=threshold;,,p0[289*M+291]=threshold;
290,292,,p0[,*M+,]=threshold;,,p0[290*M+292]=threshold;
291,292,,p0[,*M+,]=threshold;,,p0[291*M+292]=threshold;
291,293,,p0[,*M+,]=threshold;,,p0[291*M+293]=threshold;
291,387,,p0[,*M+,]=threshold;,,p0[291*M+387]=threshold;
292,294,,p0[,*M+,]=threshold;,,p0[292*M+294]=threshold;
292,329,,p0[,*M+,]=threshold;,,p0[292*M+329]=threshold;
292,456,,p0[,*M+,]=threshold;,,p0[292*M+456]=threshold;
293,294,,p0[,*M+,]=threshold;,,p0[293*M+294]=threshold;
293,295,,p0[,*M+,]=threshold;,,p0[293*M+295]=threshold;
294,295,,p0[,*M+,]=threshold;,,p0[294*M+295]=threshold;
295,296,,p0[,*M+,]=threshold;,,p0[295*M+296]=threshold;
296,297,,p0[,*M+,]=threshold;,,p0[296*M+297]=threshold;
296,444,,p0[,*M+,]=threshold;,,p0[296*M+444]=threshold;
438,440,,p0[,*M+,]=threshold;,,p0[438*M+440]=threshold;
438,482,,p0[,*M+,]=threshold;,,p0[438*M+482]=threshold;
440,441,,p0[,*M+,]=threshold;,,p0[440*M+441]=threshold;
440,442,,p0[,*M+,]=threshold;,,p0[440*M+442]=threshold;
439,440,,p0[,*M+,]=threshold;,,p0[439*M+440]=threshold;
439,441,,p0[,*M+,]=threshold;,,p0[439*M+441]=threshold;
441,442,,p0[,*M+,]=threshold;,,p0[441*M+442]=threshold;
441,443,,p0[,*M+,]=threshold;,,p0[441*M+443]=threshold;
441,489,,p0[,*M+,]=threshold;,,p0[441*M+489]=threshold;
442,443,,p0[,*M+,]=threshold;,,p0[442*M+443]=threshold;
442,444,,p0[,*M+,]=threshold;,,p0[442*M+444]=threshold;
443,444,,p0[,*M+,]=threshold;,,p0[443*M+444]=threshold;
443,445,,p0[,*M+,]=threshold;,,p0[443*M+445]=threshold;
443,495,,p0[,*M+,]=threshold;,,p0[443*M+495]=threshold;
444,445,,p0[,*M+,]=threshold;,,p0[444*M+445]=threshold;
445,446,,p0[,*M+,]=threshold;,,p0[445*M+446]=threshold;
445,447,,p0[,*M+,]=threshold;,,p0[445*M+447]=threshold;
396,397,,p0[,*M+,]=threshold;,,p0[396*M+397]=threshold;
396,398,,p0[,*M+,]=threshold;,,p0[396*M+398]=threshold;
397,398,,p0[,*M+,]=threshold;,,p0[397*M+398]=threshold;
397,399,,p0[,*M+,]=threshold;,,p0[397*M+399]=threshold;
398,399,,p0[,*M+,]=threshold;,,p0[398*M+399]=threshold;
399,400,,p0[,*M+,]=threshold;,,p0[399*M+400]=threshold;
399,401,,p0[,*M+,]=threshold;,,p0[399*M+401]=threshold;
400,401,,p0[,*M+,]=threshold;,,p0[400*M+401]=threshold;
400,402,,p0[,*M+,]=threshold;,,p0[400*M+402]=threshold;
400,496,,p0[,*M+,]=threshold;,,p0[400*M+496]=threshold;
401,402,,p0[,*M+,]=threshold;,,p0[401*M+402]=threshold;
401,403,,p0[,*M+,]=threshold;,,p0[401*M+403]=threshold;
402,403,,p0[,*M+,]=threshold;,,p0[402*M+403]=threshold;
402,404,,p0[,*M+,]=threshold;,,p0[402*M+404]=threshold;
403,404,,p0[,*M+,]=threshold;,,p0[403*M+404]=threshold;
403,405,,p0[,*M+,]=threshold;,,p0[403*M+405]=threshold;
355,356,,p0[,*M+,]=threshold;,,p0[355*M+356]=threshold;
355,357,,p0[,*M+,]=threshold;,,p0[355*M+357]=threshold;
356,357,,p0[,*M+,]=threshold;,,p0[356*M+357]=threshold;
357,358,,p0[,*M+,]=threshold;,,p0[357*M+358]=threshold;
357,359,,p0[,*M+,]=threshold;,,p0[357*M+359]=threshold;
358,359,,p0[,*M+,]=threshold;,,p0[358*M+359]=threshold;
358,360,,p0[,*M+,]=threshold;,,p0[358*M+360]=threshold;
360,361,,p0[,*M+,]=threshold;,,p0[360*M+361]=threshold;
360,362,,p0[,*M+,]=threshold;,,p0[360*M+362]=threshold;
361,362,,p0[,*M+,]=threshold;,,p0[361*M+362]=threshold;
361,363,,p0[,*M+,]=threshold;,,p0[361*M+363]=threshold;
361,404,,p0[,*M+,]=threshold;,,p0[361*M+404]=threshold;
404,405,,p0[,*M+,]=threshold;,,p0[404*M+405]=threshold;
405,406,,p0[,*M+,]=threshold;,,p0[405*M+406]=threshold;
405,407,,p0[,*M+,]=threshold;,,p0[405*M+407]=threshold;
430,431,,p0[,*M+,]=threshold;,,p0[430*M+431]=threshold;
430,432,,p0[,*M+,]=threshold;,,p0[430*M+432]=threshold;
431,433,,p0[,*M+,]=threshold;,,p0[431*M+433]=threshold;
431,496,,p0[,*M+,]=threshold;,,p0[431*M+496]=threshold;
432,433,,p0[,*M+,]=threshold;,,p0[432*M+433]=threshold;
433,434,,p0[,*M+,]=threshold;,,p0[433*M+434]=threshold;
433,435,,p0[,*M+,]=threshold;,,p0[433*M+435]=threshold;
434,435,,p0[,*M+,]=threshold;,,p0[434*M+435]=threshold;
434,436,,p0[,*M+,]=threshold;,,p0[434*M+436]=threshold;
435,436,,p0[,*M+,]=threshold;,,p0[435*M+436]=threshold;
435,437,,p0[,*M+,]=threshold;,,p0[435*M+437]=threshold;
436,437,,p0[,*M+,]=threshold;,,p0[436*M+437]=threshold;
436,438,,p0[,*M+,]=threshold;,,p0[436*M+438]=threshold;
437,438,,p0[,*M+,]=threshold;,,p0[437*M+438]=threshold;
437,439,,p0[,*M+,]=threshold;,,p0[437*M+439]=threshold;
489,491,,p0[,*M+,]=threshold;,,p0[489*M+491]=threshold;
491,492,,p0[,*M+,]=threshold;,,p0[491*M+492]=threshold;
490,491,,p0[,*M+,]=threshold;,,p0[490*M+491]=threshold;
490,492,,p0[,*M+,]=threshold;,,p0[490*M+492]=threshold;
492,493,,p0[,*M+,]=threshold;,,p0[492*M+493]=threshold;
492,494,,p0[,*M+,]=threshold;,,p0[492*M+494]=threshold;
1,2,,p0[,*M+,]=threshold;,,p0[1*M+2]=threshold;
1,3,,p0[,*M+,]=threshold;,,p0[1*M+3]=threshold;
1,327,,p0[,*M+,]=threshold;,,p0[1*M+327]=threshold;
1,500,,p0[,*M+,]=threshold;,,p0[1*M+500]=threshold;
2,3,,p0[,*M+,]=threshold;,,p0[2*M+3]=threshold;
2,500,,p0[,*M+,]=threshold;,,p0[2*M+500]=threshold;
3,4,,p0[,*M+,]=threshold;,,p0[3*M+4]=threshold;
3,5,,p0[,*M+,]=threshold;,,p0[3*M+5]=threshold;
4,5,,p0[,*M+,]=threshold;,,p0[4*M+5]=threshold;
4,6,,p0[,*M+,]=threshold;,,p0[4*M+6]=threshold;
4,229,,p0[,*M+,]=threshold;,,p0[4*M+229]=threshold;
497,498,,p0[,*M+,]=threshold;,,p0[497*M+498]=threshold;
497,499,,p0[,*M+,]=threshold;,,p0[497*M+499]=threshold;
498,500,,p0[,*M+,]=threshold;,,p0[498*M+500]=threshold;
499,500,,p0[,*M+,]=threshold;,,p0[499*M+500]=threshold;
5,7,,p0[,*M+,]=threshold;,,p0[5*M+7]=threshold;
5,25,,p0[,*M+,]=threshold;,,p0[5*M+25]=threshold;
5,36,,p0[,*M+,]=threshold;,,p0[5*M+36]=threshold;
5,244,,p0[,*M+,]=threshold;,,p0[5*M+244]=threshold;
7,8,,p0[,*M+,]=threshold;,,p0[7*M+8]=threshold;
7,9,,p0[,*M+,]=threshold;,,p0[7*M+9]=threshold;
6,7,,p0[,*M+,]=threshold;,,p0[6*M+7]=threshold;
6,8,,p0[,*M+,]=threshold;,,p0[6*M+8]=threshold;
6,11,,p0[,*M+,]=threshold;,,p0[6*M+11]=threshold;
8,9,,p0[,*M+,]=threshold;,,p0[8*M+9]=threshold;
8,10,,p0[,*M+,]=threshold;,,p0[8*M+10]=threshold;
243,244,,p0[,*M+,]=threshold;,,p0[243*M+244]=threshold;
244,245,,p0[,*M+,]=threshold;,,p0[244*M+245]=threshold;
244,246,,p0[,*M+,]=threshold;,,p0[244*M+246]=threshold;
244,456,,p0[,*M+,]=threshold;,,p0[244*M+456]=threshold;
245,246,,p0[,*M+,]=threshold;,,p0[245*M+246]=threshold;
246,247,,p0[,*M+,]=threshold;,,p0[246*M+247]=threshold;
246,248,,p0[,*M+,]=threshold;,,p0[246*M+248]=threshold;
246,393,,p0[,*M+,]=threshold;,,p0[246*M+393]=threshold;
446,447,,p0[,*M+,]=threshold;,,p0[446*M+447]=threshold;
446,448,,p0[,*M+,]=threshold;,,p0[446*M+448]=threshold;
447,448,,p0[,*M+,]=threshold;,,p0[447*M+448]=threshold;
447,449,,p0[,*M+,]=threshold;,,p0[447*M+449]=threshold;
448,449,,p0[,*M+,]=threshold;,,p0[448*M+449]=threshold;
448,450,,p0[,*M+,]=threshold;,,p0[448*M+450]=threshold;
449,450,,p0[,*M+,]=threshold;,,p0[449*M+450]=threshold;
449,451,,p0[,*M+,]=threshold;,,p0[449*M+451]=threshold;
450,451,,p0[,*M+,]=threshold;,,p0[450*M+451]=threshold;
450,452,,p0[,*M+,]=threshold;,,p0[450*M+452]=threshold;
451,452,,p0[,*M+,]=threshold;,,p0[451*M+452]=threshold;
451,453,,p0[,*M+,]=threshold;,,p0[451*M+453]=threshold;
452,453,,p0[,*M+,]=threshold;,,p0[452*M+453]=threshold;
452,454,,p0[,*M+,]=threshold;,,p0[452*M+454]=threshold;
453,454,,p0[,*M+,]=threshold;,,p0[453*M+454]=threshold;
147,148,,p0[,*M+,]=threshold;,,p0[147*M+148]=threshold;
147,149,,p0[,*M+,]=threshold;,,p0[147*M+149]=threshold;
148,149,,p0[,*M+,]=threshold;,,p0[148*M+149]=threshold;
148,150,,p0[,*M+,]=threshold;,,p0[148*M+150]=threshold;
149,150,,p0[,*M+,]=threshold;,,p0[149*M+150]=threshold;
149,151,,p0[,*M+,]=threshold;,,p0[149*M+151]=threshold;
150,151,,p0[,*M+,]=threshold;,,p0[150*M+151]=threshold;
150,152,,p0[,*M+,]=threshold;,,p0[150*M+152]=threshold;
151,152,,p0[,*M+,]=threshold;,,p0[151*M+152]=threshold;
151,153,,p0[,*M+,]=threshold;,,p0[151*M+153]=threshold;
152,154,,p0[,*M+,]=threshold;,,p0[152*M+154]=threshold;
153,155,,p0[,*M+,]=threshold;,,p0[153*M+155]=threshold;
155,157,,p0[,*M+,]=threshold;,,p0[155*M+157]=threshold;
155,282,,p0[,*M+,]=threshold;,,p0[155*M+282]=threshold;
154,155,,p0[,*M+,]=threshold;,,p0[154*M+155]=threshold;
154,156,,p0[,*M+,]=threshold;,,p0[154*M+156]=threshold;
154,484,,p0[,*M+,]=threshold;,,p0[154*M+484]=threshold;
156,158,,p0[,*M+,]=threshold;,,p0[156*M+158]=threshold;
165,166,,p0[,*M+,]=threshold;,,p0[165*M+166]=threshold;
165,167,,p0[,*M+,]=threshold;,,p0[165*M+167]=threshold;
165,269,,p0[,*M+,]=threshold;,,p0[165*M+269]=threshold;
165,439,,p0[,*M+,]=threshold;,,p0[165*M+439]=threshold;
167,169,,p0[,*M+,]=threshold;,,p0[167*M+169]=threshold;
269,270,,p0[,*M+,]=threshold;,,p0[269*M+270]=threshold;
269,271,,p0[,*M+,]=threshold;,,p0[269*M+271]=threshold;
270,271,,p0[,*M+,]=threshold;,,p0[270*M+271]=threshold;
270,272,,p0[,*M+,]=threshold;,,p0[270*M+272]=threshold;
159,161,,p0[,*M+,]=threshold;,,p0[159*M+161]=threshold;
213,248,,p0[,*M+,]=threshold;,,p0[213*M+248]=threshold;
415,416,,p0[,*M+,]=threshold;,,p0[415*M+416]=threshold;
415,417,,p0[,*M+,]=threshold;,,p0[415*M+417]=threshold;
416,417,,p0[,*M+,]=threshold;,,p0[416*M+417]=threshold;
416,418,,p0[,*M+,]=threshold;,,p0[416*M+418]=threshold;
417,418,,p0[,*M+,]=threshold;,,p0[417*M+418]=threshold;
417,419,,p0[,*M+,]=threshold;,,p0[417*M+419]=threshold;
417,487,,p0[,*M+,]=threshold;,,p0[417*M+487]=threshold;
418,419,,p0[,*M+,]=threshold;,,p0[418*M+419]=threshold;
418,420,,p0[,*M+,]=threshold;,,p0[418*M+420]=threshold;
485,486,,p0[,*M+,]=threshold;,,p0[485*M+486]=threshold;
485,487,,p0[,*M+,]=threshold;,,p0[485*M+487]=threshold;
486,487,,p0[,*M+,]=threshold;,,p0[486*M+487]=threshold;
486,488,,p0[,*M+,]=threshold;,,p0[486*M+488]=threshold;
487,488,,p0[,*M+,]=threshold;,,p0[487*M+488]=threshold;
488,489,,p0[,*M+,]=threshold;,,p0[488*M+489]=threshold;
359,468,,p0[,*M+,]=threshold;,,p0[359*M+468]=threshold;
469,470,,p0[,*M+,]=threshold;,,p0[469*M+470]=threshold;
421,422,,p0[,*M+,]=threshold;,,p0[421*M+422]=threshold;
421,423,,p0[,*M+,]=threshold;,,p0[421*M+423]=threshold;
421,494,,p0[,*M+,]=threshold;,,p0[421*M+494]=threshold;
422,423,,p0[,*M+,]=threshold;,,p0[422*M+423]=threshold;
422,424,,p0[,*M+,]=threshold;,,p0[422*M+424]=threshold;
325,326,,p0[,*M+,]=threshold;,,p0[325*M+326]=threshold;
325,327,,p0[,*M+,]=threshold;,,p0[325*M+327]=threshold;
326,328,,p0[,*M+,]=threshold;,,p0[326*M+328]=threshold;
50,52,,p0[,*M+,]=threshold;,,p0[50*M+52]=threshold;
191,192,,p0[,*M+,]=threshold;,,p0[191*M+192]=threshold;
191,193,,p0[,*M+,]=threshold;,,p0[191*M+193]=threshold;
192,194,,p0[,*M+,]=threshold;,,p0[192*M+194]=threshold;
194,195,,p0[,*M+,]=threshold;,,p0[194*M+195]=threshold;
194,235,,p0[,*M+,]=threshold;,,p0[194*M+235]=threshold;
462,463,,p0[,*M+,]=threshold;,,p0[462*M+463]=threshold;
463,464,,p0[,*M+,]=threshold;,,p0[463*M+464]=threshold;
463,465,,p0[,*M+,]=threshold;,,p0[463*M+465]=threshold;
464,466,,p0[,*M+,]=threshold;,,p0[464*M+466]=threshold;
479,481,,p0[,*M+,]=threshold;,,p0[479*M+481]=threshold;
481,482,,p0[,*M+,]=threshold;,,p0[481*M+482]=threshold;
481,483,,p0[,*M+,]=threshold;,,p0[481*M+483]=threshold;
187,188,,p0[,*M+,]=threshold;,,p0[187*M+188]=threshold;
187,189,,p0[,*M+,]=threshold;,,p0[187*M+189]=threshold;
188,189,,p0[,*M+,]=threshold;,,p0[188*M+189]=threshold;
188,190,,p0[,*M+,]=threshold;,,p0[188*M+190]=threshold;
188,495,,p0[,*M+,]=threshold;,,p0[188*M+495]=threshold;
189,190,,p0[,*M+,]=threshold;,,p0[189*M+190]=threshold;
189,191,,p0[,*M+,]=threshold;,,p0[189*M+191]=threshold;
189,323,,p0[,*M+,]=threshold;,,p0[189*M+323]=threshold;
190,191,,p0[,*M+,]=threshold;,,p0[190*M+191]=threshold;
190,192,,p0[,*M+,]=threshold;,,p0[190*M+192]=threshold;
493,494,,p0[,*M+,]=threshold;,,p0[493*M+494]=threshold;
493,495,,p0[,*M+,]=threshold;,,p0[493*M+495]=threshold;
494,496,,p0[,*M+,]=threshold;,,p0[494*M+496]=threshold;
495,496,,p0[,*M+,]=threshold;,,p0[495*M+496]=threshold;
496,497,,p0[,*M+,]=threshold;,,p0[496*M+497]=threshold;
138,139,,p0[,*M+,]=threshold;,,p0[138*M+139]=threshold;
138,140,,p0[,*M+,]=threshold;,,p0[138*M+140]=threshold;
140,142,,p0[,*M+,]=threshold;,,p0[140*M+142]=threshold;
141,142,,p0[,*M+,]=threshold;,,p0[141*M+142]=threshold;
141,143,,p0[,*M+,]=threshold;,,p0[141*M+143]=threshold;
142,143,,p0[,*M+,]=threshold;,,p0[142*M+143]=threshold;
142,320,,p0[,*M+,]=threshold;,,p0[142*M+320]=threshold;
143,144,,p0[,*M+,]=threshold;,,p0[143*M+144]=threshold;
143,145,,p0[,*M+,]=threshold;,,p0[143*M+145]=threshold;
144,145,,p0[,*M+,]=threshold;,,p0[144*M+145]=threshold;
144,146,,p0[,*M+,]=threshold;,,p0[144*M+146]=threshold;
144,313,,p0[,*M+,]=threshold;,,p0[144*M+313]=threshold;
144,454,,p0[,*M+,]=threshold;,,p0[144*M+454]=threshold;
145,146,,p0[,*M+,]=threshold;,,p0[145*M+146]=threshold;
145,147,,p0[,*M+,]=threshold;,,p0[145*M+147]=threshold;
146,148,,p0[,*M+,]=threshold;,,p0[146*M+148]=threshold;
454,455,,p0[,*M+,]=threshold;,,p0[454*M+455]=threshold;
455,456,,p0[,*M+,]=threshold;,,p0[455*M+456]=threshold;
455,457,,p0[,*M+,]=threshold;,,p0[455*M+457]=threshold;
456,457,,p0[,*M+,]=threshold;,,p0[456*M+457]=threshold;
456,458,,p0[,*M+,]=threshold;,,p0[456*M+458]=threshold;
457,458,,p0[,*M+,]=threshold;,,p0[457*M+458]=threshold;
457,459,,p0[,*M+,]=threshold;,,p0[457*M+459]=threshold;
458,459,,p0[,*M+,]=threshold;,,p0[458*M+459]=threshold;
458,460,,p0[,*M+,]=threshold;,,p0[458*M+460]=threshold;
459,460,,p0[,*M+,]=threshold;,,p0[459*M+460]=threshold;
459,461,,p0[,*M+,]=threshold;,,p0[459*M+461]=threshold;
460,461,,p0[,*M+,]=threshold;,,p0[460*M+461]=threshold;
460,462,,p0[,*M+,]=threshold;,,p0[460*M+462]=threshold;
461,462,,p0[,*M+,]=threshold;,,p0[461*M+462]=threshold;
461,463,,p0[,*M+,]=threshold;,,p0[461*M+463]=threshold;
234,235,,p0[,*M+,]=threshold;,,p0[234*M+235]=threshold;
234,236,,p0[,*M+,]=threshold;,,p0[234*M+236]=threshold;
236,237,,p0[,*M+,]=threshold;,,p0[236*M+237]=threshold;
236,238,,p0[,*M+,]=threshold;,,p0[236*M+238]=threshold;
237,238,,p0[,*M+,]=threshold;,,p0[237*M+238]=threshold;
237,412,,p0[,*M+,]=threshold;,,p0[237*M+412]=threshold;
238,240,,p0[,*M+,]=threshold;,,p0[238*M+240]=threshold;
238,378,,p0[,*M+,]=threshold;,,p0[238*M+378]=threshold;
157,158,,p0[,*M+,]=threshold;,,p0[157*M+158]=threshold;
158,159,,p0[,*M+,]=threshold;,,p0[158*M+159]=threshold;
158,160,,p0[,*M+,]=threshold;,,p0[158*M+160]=threshold;
158,240,,p0[,*M+,]=threshold;,,p0[158*M+240]=threshold;
240,241,,p0[,*M+,]=threshold;,,p0[240*M+241]=threshold;
240,242,,p0[,*M+,]=threshold;,,p0[240*M+242]=threshold;
240,256,,p0[,*M+,]=threshold;,,p0[240*M+256]=threshold;
240,468,,p0[,*M+,]=threshold;,,p0[240*M+468]=threshold;
242,243,,p0[,*M+,]=threshold;,,p0[242*M+243]=threshold;
242,244,,p0[,*M+,]=threshold;,,p0[242*M+244]=threshold;
160,161,,p0[,*M+,]=threshold;,,p0[160*M+161]=threshold;
161,162,,p0[,*M+,]=threshold;,,p0[161*M+162]=threshold;
161,163,,p0[,*M+,]=threshold;,,p0[161*M+163]=threshold;
162,163,,p0[,*M+,]=threshold;,,p0[162*M+163]=threshold;
162,315,,p0[,*M+,]=threshold;,,p0[162*M+315]=threshold;
163,164,,p0[,*M+,]=threshold;,,p0[163*M+164]=threshold;
163,165,,p0[,*M+,]=threshold;,,p0[163*M+165]=threshold;
163,435,,p0[,*M+,]=threshold;,,p0[163*M+435]=threshold;
164,166,,p0[,*M+,]=threshold;,,p0[164*M+166]=threshold;
164,250,,p0[,*M+,]=threshold;,,p0[164*M+250]=threshold;
164,344,,p0[,*M+,]=threshold;,,p0[164*M+344]=threshold;
166,167,,p0[,*M+,]=threshold;,,p0[166*M+167]=threshold;
166,168,,p0[,*M+,]=threshold;,,p0[166*M+168]=threshold;
166,281,,p0[,*M+,]=threshold;,,p0[166*M+281]=threshold;
166,294,,p0[,*M+,]=threshold;,,p0[166*M+294]=threshold;
247,248,,p0[,*M+,]=threshold;,,p0[247*M+248]=threshold;
247,320,,p0[,*M+,]=threshold;,,p0[247*M+320]=threshold;
248,249,,p0[,*M+,]=threshold;,,p0[248*M+249]=threshold;
248,250,,p0[,*M+,]=threshold;,,p0[248*M+250]=threshold;
249,250,,p0[,*M+,]=threshold;,,p0[249*M+250]=threshold;
249,251,,p0[,*M+,]=threshold;,,p0[249*M+251]=threshold;
250,252,,p0[,*M+,]=threshold;,,p0[250*M+252]=threshold;
250,393,,p0[,*M+,]=threshold;,,p0[250*M+393]=threshold;
251,252,,p0[,*M+,]=threshold;,,p0[251*M+252]=threshold;
251,253,,p0[,*M+,]=threshold;,,p0[251*M+253]=threshold;
252,253,,p0[,*M+,]=threshold;,,p0[252*M+253]=threshold;
252,254,,p0[,*M+,]=threshold;,,p0[252*M+254]=threshold;
239,241,,p0[,*M+,]=threshold;,,p0[239*M+241]=threshold;
239,419,,p0[,*M+,]=threshold;,,p0[239*M+419]=threshold;
241,242,,p0[,*M+,]=threshold;,,p0[241*M+242]=threshold;
241,243,,p0[,*M+,]=threshold;,,p0[241*M+243]=threshold;
419,420,,p0[,*M+,]=threshold;,,p0[419*M+420]=threshold;
419,470,,p0[,*M+,]=threshold;,,p0[419*M+470]=threshold;
420,421,,p0[,*M+,]=threshold;,,p0[420*M+421]=threshold;
420,422,,p0[,*M+,]=threshold;,,p0[420*M+422]=threshold;
420,429,,p0[,*M+,]=threshold;,,p0[420*M+429]=threshold;
467,468,,p0[,*M+,]=threshold;,,p0[467*M+468]=threshold;
468,469,,p0[,*M+,]=threshold;,,p0[468*M+469]=threshold;
468,470,,p0[,*M+,]=threshold;,,p0[468*M+470]=threshold;
423,424,,p0[,*M+,]=threshold;,,p0[423*M+424]=threshold;
423,425,,p0[,*M+,]=threshold;,,p0[423*M+425]=threshold;
424,426,,p0[,*M+,]=threshold;,,p0[424*M+426]=threshold;
425,426,,p0[,*M+,]=threshold;,,p0[425*M+426]=threshold;
425,427,,p0[,*M+,]=threshold;,,p0[425*M+427]=threshold;
426,427,,p0[,*M+,]=threshold;,,p0[426*M+427]=threshold;
426,428,,p0[,*M+,]=threshold;,,p0[426*M+428]=threshold;
376,377,,p0[,*M+,]=threshold;,,p0[376*M+377]=threshold;
376,378,,p0[,*M+,]=threshold;,,p0[376*M+378]=threshold;
377,378,,p0[,*M+,]=threshold;,,p0[377*M+378]=threshold;
377,379,,p0[,*M+,]=threshold;,,p0[377*M+379]=threshold;
378,379,,p0[,*M+,]=threshold;,,p0[378*M+379]=threshold;
378,380,,p0[,*M+,]=threshold;,,p0[378*M+380]=threshold;
379,380,,p0[,*M+,]=threshold;,,p0[379*M+380]=threshold;
379,381,,p0[,*M+,]=threshold;,,p0[379*M+381]=threshold;
380,381,,p0[,*M+,]=threshold;,,p0[380*M+381]=threshold;
380,382,,p0[,*M+,]=threshold;,,p0[380*M+382]=threshold;
380,427,,p0[,*M+,]=threshold;,,p0[380*M+427]=threshold;
381,382,,p0[,*M+,]=threshold;,,p0[381*M+382]=threshold;
381,383,,p0[,*M+,]=threshold;,,p0[381*M+383]=threshold;
427,428,,p0[,*M+,]=threshold;,,p0[427*M+428]=threshold;
428,429,,p0[,*M+,]=threshold;,,p0[428*M+429]=threshold;
428,430,,p0[,*M+,]=threshold;,,p0[428*M+430]=threshold;
315,316,,p0[,*M+,]=threshold;,,p0[315*M+316]=threshold;
315,317,,p0[,*M+,]=threshold;,,p0[315*M+317]=threshold;
317,318,,p0[,*M+,]=threshold;,,p0[317*M+318]=threshold;
317,382,,p0[,*M+,]=threshold;,,p0[317*M+382]=threshold;
382,383,,p0[,*M+,]=threshold;,,p0[382*M+383]=threshold;
382,384,,p0[,*M+,]=threshold;,,p0[382*M+384]=threshold;
383,384,,p0[,*M+,]=threshold;,,p0[383*M+384]=threshold;
383,385,,p0[,*M+,]=threshold;,,p0[383*M+385]=threshold;
384,385,,p0[,*M+,]=threshold;,,p0[384*M+385]=threshold;
384,386,,p0[,*M+,]=threshold;,,p0[384*M+386]=threshold;
385,387,,p0[,*M+,]=threshold;,,p0[385*M+387]=threshold;
386,387,,p0[,*M+,]=threshold;,,p0[386*M+387]=threshold;
386,388,,p0[,*M+,]=threshold;,,p0[386*M+388]=threshold;
387,388,,p0[,*M+,]=threshold;,,p0[387*M+388]=threshold;
387,389,,p0[,*M+,]=threshold;,,p0[387*M+389]=threshold;
388,389,,p0[,*M+,]=threshold;,,p0[388*M+389]=threshold;
388,390,,p0[,*M+,]=threshold;,,p0[388*M+390]=threshold;
389,390,,p0[,*M+,]=threshold;,,p0[389*M+390]=threshold;
389,391,,p0[,*M+,]=threshold;,,p0[389*M+391]=threshold;
390,391,,p0[,*M+,]=threshold;,,p0[390*M+391]=threshold;
390,392,,p0[,*M+,]=threshold;,,p0[390*M+392]=threshold;
391,392,,p0[,*M+,]=threshold;,,p0[391*M+392]=threshold;
392,393,,p0[,*M+,]=threshold;,,p0[392*M+393]=threshold;
392,399,,p0[,*M+,]=threshold;,,p0[392*M+399]=threshold;
392,480,,p0[,*M+,]=threshold;,,p0[392*M+480]=threshold;
393,394,,p0[,*M+,]=threshold;,,p0[393*M+394]=threshold;
393,395,,p0[,*M+,]=threshold;,,p0[393*M+395]=threshold;
393,491,,p0[,*M+,]=threshold;,,p0[393*M+491]=threshold;
394,395,,p0[,*M+,]=threshold;,,p0[394*M+395]=threshold;
394,396,,p0[,*M+,]=threshold;,,p0[394*M+396]=threshold;
395,397,,p0[,*M+,]=threshold;,,p0[395*M+397]=threshold;
48,49,,p0[,*M+,]=threshold;,,p0[48*M+49]=threshold;
48,50,,p0[,*M+,]=threshold;,,p0[48*M+50]=threshold;
49,51,,p0[,*M+,]=threshold;,,p0[49*M+51]=threshold;
49,327,,p0[,*M+,]=threshold;,,p0[49*M+327]=threshold;
327,328,,p0[,*M+,]=threshold;,,p0[327*M+328]=threshold;
327,329,,p0[,*M+,]=threshold;,,p0[327*M+329]=threshold;
327,438,,p0[,*M+,]=threshold;,,p0[327*M+438]=threshold;
328,329,,p0[,*M+,]=threshold;,,p0[328*M+329]=threshold;
51,52,,p0[,*M+,]=threshold;,,p0[51*M+52]=threshold;
51,53,,p0[,*M+,]=threshold;,,p0[51*M+53]=threshold;
52,53,,p0[,*M+,]=threshold;,,p0[52*M+53]=threshold;
52,54,,p0[,*M+,]=threshold;,,p0[52*M+54]=threshold;
54,55,,p0[,*M+,]=threshold;,,p0[54*M+55]=threshold;
54,56,,p0[,*M+,]=threshold;,,p0[54*M+56]=threshold;
55,56,,p0[,*M+,]=threshold;,,p0[55*M+56]=threshold;
55,57,,p0[,*M+,]=threshold;,,p0[55*M+57]=threshold;
56,85,,p0[,*M+,]=threshold;,,p0[56*M+85]=threshold;
56,138,,p0[,*M+,]=threshold;,,p0[56*M+138]=threshold;
85,87,,p0[,*M+,]=threshold;,,p0[85*M+87]=threshold;
57,58,,p0[,*M+,]=threshold;,,p0[57*M+58]=threshold;
57,59,,p0[,*M+,]=threshold;,,p0[57*M+59]=threshold;
57,407,,p0[,*M+,]=threshold;,,p0[57*M+407]=threshold;
58,59,,p0[,*M+,]=threshold;,,p0[58*M+59]=threshold;
58,60,,p0[,*M+,]=threshold;,,p0[58*M+60]=threshold;
58,194,,p0[,*M+,]=threshold;,,p0[58*M+194]=threshold;
59,60,,p0[,*M+,]=threshold;,,p0[59*M+60]=threshold;
59,61,,p0[,*M+,]=threshold;,,p0[59*M+61]=threshold;
60,61,,p0[,*M+,]=threshold;,,p0[60*M+61]=threshold;
60,62,,p0[,*M+,]=threshold;,,p0[60*M+62]=threshold;
60,140,,p0[,*M+,]=threshold;,,p0[60*M+140]=threshold;
60,374,,p0[,*M+,]=threshold;,,p0[60*M+374]=threshold;
62,63,,p0[,*M+,]=threshold;,,p0[62*M+63]=threshold;
62,64,,p0[,*M+,]=threshold;,,p0[62*M+64]=threshold;
62,438,,p0[,*M+,]=threshold;,,p0[62*M+438]=threshold;
62,459,,p0[,*M+,]=threshold;,,p0[62*M+459]=threshold;
63,64,,p0[,*M+,]=threshold;,,p0[63*M+64]=threshold;
63,65,,p0[,*M+,]=threshold;,,p0[63*M+65]=threshold;
63,67,,p0[,*M+,]=threshold;,,p0[63*M+67]=threshold;
63,445,,p0[,*M+,]=threshold;,,p0[63*M+445]=threshold;
64,65,,p0[,*M+,]=threshold;,,p0[64*M+65]=threshold;
64,66,,p0[,*M+,]=threshold;,,p0[64*M+66]=threshold;
65,66,,p0[,*M+,]=threshold;,,p0[65*M+66]=threshold;
65,67,,p0[,*M+,]=threshold;,,p0[65*M+67]=threshold;
65,214,,p0[,*M+,]=threshold;,,p0[65*M+214]=threshold;
65,468,,p0[,*M+,]=threshold;,,p0[65*M+468]=threshold;
66,67,,p0[,*M+,]=threshold;,,p0[66*M+67]=threshold;
66,68,,p0[,*M+,]=threshold;,,p0[66*M+68]=threshold;
67,68,,p0[,*M+,]=threshold;,,p0[67*M+68]=threshold;
67,69,,p0[,*M+,]=threshold;,,p0[67*M+69]=threshold;
68,69,,p0[,*M+,]=threshold;,,p0[68*M+69]=threshold;
68,70,,p0[,*M+,]=threshold;,,p0[68*M+70]=threshold;
69,70,,p0[,*M+,]=threshold;,,p0[69*M+70]=threshold;
69,71,,p0[,*M+,]=threshold;,,p0[69*M+71]=threshold;
193,195,,p0[,*M+,]=threshold;,,p0[193*M+195]=threshold;
193,471,,p0[,*M+,]=threshold;,,p0[193*M+471]=threshold;
195,197,,p0[,*M+,]=threshold;,,p0[195*M+197]=threshold;
196,198,,p0[,*M+,]=threshold;,,p0[196*M+198]=threshold;
198,199,,p0[,*M+,]=threshold;,,p0[198*M+199]=threshold;
198,291,,p0[,*M+,]=threshold;,,p0[198*M+291]=threshold;
198,482,,p0[,*M+,]=threshold;,,p0[198*M+482]=threshold;
197,198,,p0[,*M+,]=threshold;,,p0[197*M+198]=threshold;
197,199,,p0[,*M+,]=threshold;,,p0[197*M+199]=threshold;
199,200,,p0[,*M+,]=threshold;,,p0[199*M+200]=threshold;
199,201,,p0[,*M+,]=threshold;,,p0[199*M+201]=threshold;
200,201,,p0[,*M+,]=threshold;,,p0[200*M+201]=threshold;
200,202,,p0[,*M+,]=threshold;,,p0[200*M+202]=threshold;
201,202,,p0[,*M+,]=threshold;,,p0[201*M+202]=threshold;
201,203,,p0[,*M+,]=threshold;,,p0[201*M+203]=threshold;
202,203,,p0[,*M+,]=threshold;,,p0[202*M+203]=threshold;
203,204,,p0[,*M+,]=threshold;,,p0[203*M+204]=threshold;
203,223,,p0[,*M+,]=threshold;,,p0[203*M+223]=threshold;
465,466,,p0[,*M+,]=threshold;,,p0[465*M+466]=threshold;
466,468,,p0[,*M+,]=threshold;,,p0[466*M+468]=threshold;
466,481,,p0[,*M+,]=threshold;,,p0[466*M+481]=threshold;
478,480,,p0[,*M+,]=threshold;,,p0[478*M+480]=threshold;
480,481,,p0[,*M+,]=threshold;,,p0[480*M+481]=threshold;
480,482,,p0[,*M+,]=threshold;,,p0[480*M+482]=threshold;
482,483,,p0[,*M+,]=threshold;,,p0[482*M+483]=threshold;
482,484,,p0[,*M+,]=threshold;,,p0[482*M+484]=threshold;
483,484,,p0[,*M+,]=threshold;,,p0[483*M+484]=threshold;
483,485,,p0[,*M+,]=threshold;,,p0[483*M+485]=threshold;
168,170,,p0[,*M+,]=threshold;,,p0[168*M+170]=threshold;
170,172,,p0[,*M+,]=threshold;,,p0[170*M+172]=threshold;
171,172,,p0[,*M+,]=threshold;,,p0[171*M+172]=threshold;
171,173,,p0[,*M+,]=threshold;,,p0[171*M+173]=threshold;
172,173,,p0[,*M+,]=threshold;,,p0[172*M+173]=threshold;
172,174,,p0[,*M+,]=threshold;,,p0[172*M+174]=threshold;
173,174,,p0[,*M+,]=threshold;,,p0[173*M+174]=threshold;
173,175,,p0[,*M+,]=threshold;,,p0[173*M+175]=threshold;
173,496,,p0[,*M+,]=threshold;,,p0[173*M+496]=threshold;
174,175,,p0[,*M+,]=threshold;,,p0[174*M+175]=threshold;
174,176,,p0[,*M+,]=threshold;,,p0[174*M+176]=threshold;
175,176,,p0[,*M+,]=threshold;,,p0[175*M+176]=threshold;
175,177,,p0[,*M+,]=threshold;,,p0[175*M+177]=threshold;
175,325,,p0[,*M+,]=threshold;,,p0[175*M+325]=threshold;
176,178,,p0[,*M+,]=threshold;,,p0[176*M+178]=threshold;
176,481,,p0[,*M+,]=threshold;,,p0[176*M+481]=threshold;
177,178,,p0[,*M+,]=threshold;,,p0[177*M+178]=threshold;
177,179,,p0[,*M+,]=threshold;,,p0[177*M+179]=threshold;
178,179,,p0[,*M+,]=threshold;,,p0[178*M+179]=threshold;
178,180,,p0[,*M+,]=threshold;,,p0[178*M+180]=threshold;
179,180,,p0[,*M+,]=threshold;,,p0[179*M+180]=threshold;
179,181,,p0[,*M+,]=threshold;,,p0[179*M+181]=threshold;
179,223,,p0[,*M+,]=threshold;,,p0[179*M+223]=threshold;
180,181,,p0[,*M+,]=threshold;,,p0[180*M+181]=threshold;
181,182,,p0[,*M+,]=threshold;,,p0[181*M+182]=threshold;
181,183,,p0[,*M+,]=threshold;,,p0[181*M+183]=threshold;
182,183,,p0[,*M+,]=threshold;,,p0[182*M+183]=threshold;
183,184,,p0[,*M+,]=threshold;,,p0[183*M+184]=threshold;
183,185,,p0[,*M+,]=threshold;,,p0[183*M+185]=threshold;
183,466,,p0[,*M+,]=threshold;,,p0[183*M+466]=threshold;
184,186,,p0[,*M+,]=threshold;,,p0[184*M+186]=threshold;
184,303,,p0[,*M+,]=threshold;,,p0[184*M+303]=threshold;
184,313,,p0[,*M+,]=threshold;,,p0[184*M+313]=threshold;
184,430,,p0[,*M+,]=threshold;,,p0[184*M+430]=threshold;
128,129,,p0[,*M+,]=threshold;,,p0[128*M+129]=threshold;
128,130,,p0[,*M+,]=threshold;,,p0[128*M+130]=threshold;
128,478,,p0[,*M+,]=threshold;,,p0[128*M+478]=threshold;
129,130,,p0[,*M+,]=threshold;,,p0[129*M+130]=threshold;
129,131,,p0[,*M+,]=threshold;,,p0[129*M+131]=threshold;
130,131,,p0[,*M+,]=threshold;,,p0[130*M+131]=threshold;
130,307,,p0[,*M+,]=threshold;,,p0[130*M+307]=threshold;
305,306,,p0[,*M+,]=threshold;,,p0[305*M+306]=threshold;
305,307,,p0[,*M+,]=threshold;,,p0[305*M+307]=threshold;
306,307,,p0[,*M+,]=threshold;,,p0[306*M+307]=threshold;
306,431,,p0[,*M+,]=threshold;,,p0[306*M+431]=threshold;
307,308,,p0[,*M+,]=threshold;,,p0[307*M+308]=threshold;
307,309,,p0[,*M+,]=threshold;,,p0[307*M+309]=threshold;
308,309,,p0[,*M+,]=threshold;,,p0[308*M+309]=threshold;
308,310,,p0[,*M+,]=threshold;,,p0[308*M+310]=threshold;
308,483,,p0[,*M+,]=threshold;,,p0[308*M+483]=threshold;
309,310,,p0[,*M+,]=threshold;,,p0[309*M+310]=threshold;
309,311,,p0[,*M+,]=threshold;,,p0[309*M+311]=threshold;
309,432,,p0[,*M+,]=threshold;,,p0[309*M+432]=threshold;
310,312,,p0[,*M+,]=threshold;,,p0[310*M+312]=threshold;
312,313,,p0[,*M+,]=threshold;,,p0[312*M+313]=threshold;
312,314,,p0[,*M+,]=threshold;,,p0[312*M+314]=threshold;
313,314,,p0[,*M+,]=threshold;,,p0[313*M+314]=threshold;
313,315,,p0[,*M+,]=threshold;,,p0[313*M+315]=threshold;
314,316,,p0[,*M+,]=threshold;,,p0[314*M+316]=threshold;
314,488,,p0[,*M+,]=threshold;,,p0[314*M+488]=threshold;
316,317,,p0[,*M+,]=threshold;,,p0[316*M+317]=threshold;
316,318,,p0[,*M+,]=threshold;,,p0[316*M+318]=threshold;
297,298,,p0[,*M+,]=threshold;,,p0[297*M+298]=threshold;
297,299,,p0[,*M+,]=threshold;,,p0[297*M+299]=threshold;
298,299,,p0[,*M+,]=threshold;,,p0[298*M+299]=threshold;
298,300,,p0[,*M+,]=threshold;,,p0[298*M+300]=threshold;
299,300,,p0[,*M+,]=threshold;,,p0[299*M+300]=threshold;
299,488,,p0[,*M+,]=threshold;,,p0[299*M+488]=threshold;
300,301,,p0[,*M+,]=threshold;,,p0[300*M+301]=threshold;
300,302,,p0[,*M+,]=threshold;,,p0[300*M+302]=threshold;
301,302,,p0[,*M+,]=threshold;,,p0[301*M+302]=threshold;
301,303,,p0[,*M+,]=threshold;,,p0[301*M+303]=threshold;
302,303,,p0[,*M+,]=threshold;,,p0[302*M+303]=threshold;
302,304,,p0[,*M+,]=threshold;,,p0[302*M+304]=threshold;
303,304,,p0[,*M+,]=threshold;,,p0[303*M+304]=threshold;
303,305,,p0[,*M+,]=threshold;,,p0[303*M+305]=threshold;
303,336,,p0[,*M+,]=threshold;,,p0[303*M+336]=threshold;
304,305,,p0[,*M+,]=threshold;,,p0[304*M+305]=threshold;
304,306,,p0[,*M+,]=threshold;,,p0[304*M+306]=threshold;
329,330,,p0[,*M+,]=threshold;,,p0[329*M+330]=threshold;
329,331,,p0[,*M+,]=threshold;,,p0[329*M+331]=threshold;
330,331,,p0[,*M+,]=threshold;,,p0[330*M+331]=threshold;
331,332,,p0[,*M+,]=threshold;,,p0[331*M+332]=threshold;
331,333,,p0[,*M+,]=threshold;,,p0[331*M+333]=threshold;
331,347,,p0[,*M+,]=threshold;,,p0[331*M+347]=threshold;
332,333,,p0[,*M+,]=threshold;,,p0[332*M+333]=threshold;
332,334,,p0[,*M+,]=threshold;,,p0[332*M+334]=threshold;
333,334,,p0[,*M+,]=threshold;,,p0[333*M+334]=threshold;
333,335,,p0[,*M+,]=threshold;,,p0[333*M+335]=threshold;
334,335,,p0[,*M+,]=threshold;,,p0[334*M+335]=threshold;
334,336,,p0[,*M+,]=threshold;,,p0[334*M+336]=threshold;
335,336,,p0[,*M+,]=threshold;,,p0[335*M+336]=threshold;
335,337,,p0[,*M+,]=threshold;,,p0[335*M+337]=threshold;
336,337,,p0[,*M+,]=threshold;,,p0[336*M+337]=threshold;
336,338,,p0[,*M+,]=threshold;,,p0[336*M+338]=threshold;
337,338,,p0[,*M+,]=threshold;,,p0[337*M+338]=threshold;
337,339,,p0[,*M+,]=threshold;,,p0[337*M+339]=threshold;
337,346,,p0[,*M+,]=threshold;,,p0[337*M+346]=threshold;
338,339,,p0[,*M+,]=threshold;,,p0[338*M+339]=threshold;
338,340,,p0[,*M+,]=threshold;,,p0[338*M+340]=threshold;
339,340,,p0[,*M+,]=threshold;,,p0[339*M+340]=threshold;
339,341,,p0[,*M+,]=threshold;,,p0[339*M+341]=threshold;
340,341,,p0[,*M+,]=threshold;,,p0[340*M+341]=threshold;
340,342,,p0[,*M+,]=threshold;,,p0[340*M+342]=threshold;
341,343,,p0[,*M+,]=threshold;,,p0[341*M+343]=threshold;
343,344,,p0[,*M+,]=threshold;,,p0[343*M+344]=threshold;
343,364,,p0[,*M+,]=threshold;,,p0[343*M+364]=threshold;
342,343,,p0[,*M+,]=threshold;,,p0[342*M+343]=threshold;
342,344,,p0[,*M+,]=threshold;,,p0[342*M+344]=threshold;
344,345,,p0[,*M+,]=threshold;,,p0[344*M+345]=threshold;
344,346,,p0[,*M+,]=threshold;,,p0[344*M+346]=threshold;
345,347,,p0[,*M+,]=threshold;,,p0[345*M+347]=threshold;
347,348,,p0[,*M+,]=threshold;,,p0[347*M+348]=threshold;
347,349,,p0[,*M+,]=threshold;,,p0[347*M+349]=threshold;
346,347,,p0[,*M+,]=threshold;,,p0[346*M+347]=threshold;
346,348,,p0[,*M+,]=threshold;,,p0[346*M+348]=threshold;
348,349,,p0[,*M+,]=threshold;,,p0[348*M+349]=threshold;
349,350,,p0[,*M+,]=threshold;,,p0[349*M+350]=threshold;
349,351,,p0[,*M+,]=threshold;,,p0[349*M+351]=threshold;
350,351,,p0[,*M+,]=threshold;,,p0[350*M+351]=threshold;
351,352,,p0[,*M+,]=threshold;,,p0[351*M+352]=threshold;
351,353,,p0[,*M+,]=threshold;,,p0[351*M+353]=threshold;
352,353,,p0[,*M+,]=threshold;,,p0[352*M+353]=threshold;
352,354,,p0[,*M+,]=threshold;,,p0[352*M+354]=threshold;
