1,10,,p0[,*M+,]=threshold;,,p0[1*M+10]=threshold;,,p0[10*M+1]=threshold;
1,157,,p0[,*M+,]=threshold;,,p0[1*M+157]=threshold;,,p0[157*M+1]=threshold;
1,176,,p0[,*M+,]=threshold;,,p0[1*M+176]=threshold;,,p0[176*M+1]=threshold;
1,247,,p0[,*M+,]=threshold;,,p0[1*M+247]=threshold;,,p0[247*M+1]=threshold;
1,322,,p0[,*M+,]=threshold;,,p0[1*M+322]=threshold;,,p0[322*M+1]=threshold;
2,3,,p0[,*M+,]=threshold;,,p0[2*M+3]=threshold;,,p0[3*M+2]=threshold;
2,8,,p0[,*M+,]=threshold;,,p0[2*M+8]=threshold;,,p0[8*M+2]=threshold;
2,17,,p0[,*M+,]=threshold;,,p0[2*M+17]=threshold;,,p0[17*M+2]=threshold;
2,27,,p0[,*M+,]=threshold;,,p0[2*M+27]=threshold;,,p0[27*M+2]=threshold;
2,36,,p0[,*M+,]=threshold;,,p0[2*M+36]=threshold;,,p0[36*M+2]=threshold;
2,38,,p0[,*M+,]=threshold;,,p0[2*M+38]=threshold;,,p0[38*M+2]=threshold;
2,47,,p0[,*M+,]=threshold;,,p0[2*M+47]=threshold;,,p0[47*M+2]=threshold;
2,53,,p0[,*M+,]=threshold;,,p0[2*M+53]=threshold;,,p0[53*M+2]=threshold;
2,77,,p0[,*M+,]=threshold;,,p0[2*M+77]=threshold;,,p0[77*M+2]=threshold;
2,83,,p0[,*M+,]=threshold;,,p0[2*M+83]=threshold;,,p0[83*M+2]=threshold;
2,295,,p0[,*M+,]=threshold;,,p0[2*M+295]=threshold;,,p0[295*M+2]=threshold;
2,424,,p0[,*M+,]=threshold;,,p0[2*M+424]=threshold;,,p0[424*M+2]=threshold;
2,447,,p0[,*M+,]=threshold;,,p0[2*M+447]=threshold;,,p0[447*M+2]=threshold;
2,471,,p0[,*M+,]=threshold;,,p0[2*M+471]=threshold;,,p0[471*M+2]=threshold;
3,4,,p0[,*M+,]=threshold;,,p0[3*M+4]=threshold;,,p0[4*M+3]=threshold;
3,5,,p0[,*M+,]=threshold;,,p0[3*M+5]=threshold;,,p0[5*M+3]=threshold;
3,9,,p0[,*M+,]=threshold;,,p0[3*M+9]=threshold;,,p0[9*M+3]=threshold;
3,18,,p0[,*M+,]=threshold;,,p0[3*M+18]=threshold;,,p0[18*M+3]=threshold;
3,19,,p0[,*M+,]=threshold;,,p0[3*M+19]=threshold;,,p0[19*M+3]=threshold;
3,23,,p0[,*M+,]=threshold;,,p0[3*M+23]=threshold;,,p0[23*M+3]=threshold;
3,29,,p0[,*M+,]=threshold;,,p0[3*M+29]=threshold;,,p0[29*M+3]=threshold;
3,39,,p0[,*M+,]=threshold;,,p0[3*M+39]=threshold;,,p0[39*M+3]=threshold;
3,41,,p0[,*M+,]=threshold;,,p0[3*M+41]=threshold;,,p0[41*M+3]=threshold;
3,42,,p0[,*M+,]=threshold;,,p0[3*M+42]=threshold;,,p0[42*M+3]=threshold;
3,49,,p0[,*M+,]=threshold;,,p0[3*M+49]=threshold;,,p0[49*M+3]=threshold;
3,54,,p0[,*M+,]=threshold;,,p0[3*M+54]=threshold;,,p0[54*M+3]=threshold;
3,59,,p0[,*M+,]=threshold;,,p0[3*M+59]=threshold;,,p0[59*M+3]=threshold;
3,76,,p0[,*M+,]=threshold;,,p0[3*M+76]=threshold;,,p0[76*M+3]=threshold;
3,94,,p0[,*M+,]=threshold;,,p0[3*M+94]=threshold;,,p0[94*M+3]=threshold;
3,96,,p0[,*M+,]=threshold;,,p0[3*M+96]=threshold;,,p0[96*M+3]=threshold;
3,138,,p0[,*M+,]=threshold;,,p0[3*M+138]=threshold;,,p0[138*M+3]=threshold;
3,195,,p0[,*M+,]=threshold;,,p0[3*M+195]=threshold;,,p0[195*M+3]=threshold;
3,267,,p0[,*M+,]=threshold;,,p0[3*M+267]=threshold;,,p0[267*M+3]=threshold;
3,297,,p0[,*M+,]=threshold;,,p0[3*M+297]=threshold;,,p0[297*M+3]=threshold;
3,396,,p0[,*M+,]=threshold;,,p0[3*M+396]=threshold;,,p0[396*M+3]=threshold;
4,13,,p0[,*M+,]=threshold;,,p0[4*M+13]=threshold;,,p0[13*M+4]=threshold;
4,30,,p0[,*M+,]=threshold;,,p0[4*M+30]=threshold;,,p0[30*M+4]=threshold;
4,43,,p0[,*M+,]=threshold;,,p0[4*M+43]=threshold;,,p0[43*M+4]=threshold;
4,71,,p0[,*M+,]=threshold;,,p0[4*M+71]=threshold;,,p0[71*M+4]=threshold;
4,72,,p0[,*M+,]=threshold;,,p0[4*M+72]=threshold;,,p0[72*M+4]=threshold;
4,204,,p0[,*M+,]=threshold;,,p0[4*M+204]=threshold;,,p0[204*M+4]=threshold;
4,211,,p0[,*M+,]=threshold;,,p0[4*M+211]=threshold;,,p0[211*M+4]=threshold;
4,259,,p0[,*M+,]=threshold;,,p0[4*M+259]=threshold;,,p0[259*M+4]=threshold;
4,271,,p0[,*M+,]=threshold;,,p0[4*M+271]=threshold;,,p0[271*M+4]=threshold;
5,10,,p0[,*M+,]=threshold;,,p0[5*M+10]=threshold;,,p0[10*M+5]=threshold;
5,277,,p0[,*M+,]=threshold;,,p0[5*M+277]=threshold;,,p0[277*M+5]=threshold;
5,323,,p0[,*M+,]=threshold;,,p0[5*M+323]=threshold;,,p0[323*M+5]=threshold;
6,10,,p0[,*M+,]=threshold;,,p0[6*M+10]=threshold;,,p0[10*M+6]=threshold;
6,221,,p0[,*M+,]=threshold;,,p0[6*M+221]=threshold;,,p0[221*M+6]=threshold;
6,315,,p0[,*M+,]=threshold;,,p0[6*M+315]=threshold;,,p0[315*M+6]=threshold;
6,349,,p0[,*M+,]=threshold;,,p0[6*M+349]=threshold;,,p0[349*M+6]=threshold;
6,411,,p0[,*M+,]=threshold;,,p0[6*M+411]=threshold;,,p0[411*M+6]=threshold;
7,12,,p0[,*M+,]=threshold;,,p0[7*M+12]=threshold;,,p0[12*M+7]=threshold;
7,455,,p0[,*M+,]=threshold;,,p0[7*M+455]=threshold;,,p0[455*M+7]=threshold;
8,24,,p0[,*M+,]=threshold;,,p0[8*M+24]=threshold;,,p0[24*M+8]=threshold;
8,25,,p0[,*M+,]=threshold;,,p0[8*M+25]=threshold;,,p0[25*M+8]=threshold;
8,166,,p0[,*M+,]=threshold;,,p0[8*M+166]=threshold;,,p0[166*M+8]=threshold;
8,212,,p0[,*M+,]=threshold;,,p0[8*M+212]=threshold;,,p0[212*M+8]=threshold;
9,15,,p0[,*M+,]=threshold;,,p0[9*M+15]=threshold;,,p0[15*M+9]=threshold;
9,21,,p0[,*M+,]=threshold;,,p0[9*M+21]=threshold;,,p0[21*M+9]=threshold;
9,33,,p0[,*M+,]=threshold;,,p0[9*M+33]=threshold;,,p0[33*M+9]=threshold;
9,89,,p0[,*M+,]=threshold;,,p0[9*M+89]=threshold;,,p0[89*M+9]=threshold;
9,142,,p0[,*M+,]=threshold;,,p0[9*M+142]=threshold;,,p0[142*M+9]=threshold;
10,11,,p0[,*M+,]=threshold;,,p0[10*M+11]=threshold;,,p0[11*M+10]=threshold;
10,14,,p0[,*M+,]=threshold;,,p0[10*M+14]=threshold;,,p0[14*M+10]=threshold;
10,28,,p0[,*M+,]=threshold;,,p0[10*M+28]=threshold;,,p0[28*M+10]=threshold;
10,54,,p0[,*M+,]=threshold;,,p0[10*M+54]=threshold;,,p0[54*M+10]=threshold;
10,67,,p0[,*M+,]=threshold;,,p0[10*M+67]=threshold;,,p0[67*M+10]=threshold;
10,68,,p0[,*M+,]=threshold;,,p0[10*M+68]=threshold;,,p0[68*M+10]=threshold;
10,93,,p0[,*M+,]=threshold;,,p0[10*M+93]=threshold;,,p0[93*M+10]=threshold;
10,173,,p0[,*M+,]=threshold;,,p0[10*M+173]=threshold;,,p0[173*M+10]=threshold;
10,241,,p0[,*M+,]=threshold;,,p0[10*M+241]=threshold;,,p0[241*M+10]=threshold;
10,409,,p0[,*M+,]=threshold;,,p0[10*M+409]=threshold;,,p0[409*M+10]=threshold;
11,58,,p0[,*M+,]=threshold;,,p0[11*M+58]=threshold;,,p0[58*M+11]=threshold;
11,130,,p0[,*M+,]=threshold;,,p0[11*M+130]=threshold;,,p0[130*M+11]=threshold;
12,34,,p0[,*M+,]=threshold;,,p0[12*M+34]=threshold;,,p0[34*M+12]=threshold;
12,75,,p0[,*M+,]=threshold;,,p0[12*M+75]=threshold;,,p0[75*M+12]=threshold;
12,260,,p0[,*M+,]=threshold;,,p0[12*M+260]=threshold;,,p0[260*M+12]=threshold;
13,16,,p0[,*M+,]=threshold;,,p0[13*M+16]=threshold;,,p0[16*M+13]=threshold;
13,22,,p0[,*M+,]=threshold;,,p0[13*M+22]=threshold;,,p0[22*M+13]=threshold;
13,151,,p0[,*M+,]=threshold;,,p0[13*M+151]=threshold;,,p0[151*M+13]=threshold;
13,275,,p0[,*M+,]=threshold;,,p0[13*M+275]=threshold;,,p0[275*M+13]=threshold;
14,26,,p0[,*M+,]=threshold;,,p0[14*M+26]=threshold;,,p0[26*M+14]=threshold;
14,63,,p0[,*M+,]=threshold;,,p0[14*M+63]=threshold;,,p0[63*M+14]=threshold;
14,366,,p0[,*M+,]=threshold;,,p0[14*M+366]=threshold;,,p0[366*M+14]=threshold;
14,399,,p0[,*M+,]=threshold;,,p0[14*M+399]=threshold;,,p0[399*M+14]=threshold;
14,453,,p0[,*M+,]=threshold;,,p0[14*M+453]=threshold;,,p0[453*M+14]=threshold;
15,37,,p0[,*M+,]=threshold;,,p0[15*M+37]=threshold;,,p0[37*M+15]=threshold;
16,20,,p0[,*M+,]=threshold;,,p0[16*M+20]=threshold;,,p0[20*M+16]=threshold;
16,56,,p0[,*M+,]=threshold;,,p0[16*M+56]=threshold;,,p0[56*M+16]=threshold;
16,114,,p0[,*M+,]=threshold;,,p0[16*M+114]=threshold;,,p0[114*M+16]=threshold;
16,135,,p0[,*M+,]=threshold;,,p0[16*M+135]=threshold;,,p0[135*M+16]=threshold;
16,189,,p0[,*M+,]=threshold;,,p0[16*M+189]=threshold;,,p0[189*M+16]=threshold;
16,307,,p0[,*M+,]=threshold;,,p0[16*M+307]=threshold;,,p0[307*M+16]=threshold;
17,61,,p0[,*M+,]=threshold;,,p0[17*M+61]=threshold;,,p0[61*M+17]=threshold;
17,86,,p0[,*M+,]=threshold;,,p0[17*M+86]=threshold;,,p0[86*M+17]=threshold;
17,92,,p0[,*M+,]=threshold;,,p0[17*M+92]=threshold;,,p0[92*M+17]=threshold;
17,117,,p0[,*M+,]=threshold;,,p0[17*M+117]=threshold;,,p0[117*M+17]=threshold;
17,150,,p0[,*M+,]=threshold;,,p0[17*M+150]=threshold;,,p0[150*M+17]=threshold;
17,177,,p0[,*M+,]=threshold;,,p0[17*M+177]=threshold;,,p0[177*M+17]=threshold;
17,199,,p0[,*M+,]=threshold;,,p0[17*M+199]=threshold;,,p0[199*M+17]=threshold;
17,245,,p0[,*M+,]=threshold;,,p0[17*M+245]=threshold;,,p0[245*M+17]=threshold;
17,405,,p0[,*M+,]=threshold;,,p0[17*M+405]=threshold;,,p0[405*M+17]=threshold;
18,121,,p0[,*M+,]=threshold;,,p0[18*M+121]=threshold;,,p0[121*M+18]=threshold;
18,325,,p0[,*M+,]=threshold;,,p0[18*M+325]=threshold;,,p0[325*M+18]=threshold;
19,94,,p0[,*M+,]=threshold;,,p0[19*M+94]=threshold;,,p0[94*M+19]=threshold;
19,106,,p0[,*M+,]=threshold;,,p0[19*M+106]=threshold;,,p0[106*M+19]=threshold;
19,123,,p0[,*M+,]=threshold;,,p0[19*M+123]=threshold;,,p0[123*M+19]=threshold;
19,146,,p0[,*M+,]=threshold;,,p0[19*M+146]=threshold;,,p0[146*M+19]=threshold;
19,270,,p0[,*M+,]=threshold;,,p0[19*M+270]=threshold;,,p0[270*M+19]=threshold;
19,317,,p0[,*M+,]=threshold;,,p0[19*M+317]=threshold;,,p0[317*M+19]=threshold;
19,372,,p0[,*M+,]=threshold;,,p0[19*M+372]=threshold;,,p0[372*M+19]=threshold;
20,28,,p0[,*M+,]=threshold;,,p0[20*M+28]=threshold;,,p0[28*M+20]=threshold;
20,181,,p0[,*M+,]=threshold;,,p0[20*M+181]=threshold;,,p0[181*M+20]=threshold;
20,285,,p0[,*M+,]=threshold;,,p0[20*M+285]=threshold;,,p0[285*M+20]=threshold;
20,385,,p0[,*M+,]=threshold;,,p0[20*M+385]=threshold;,,p0[385*M+20]=threshold;
20,475,,p0[,*M+,]=threshold;,,p0[20*M+475]=threshold;,,p0[475*M+20]=threshold;
21,48,,p0[,*M+,]=threshold;,,p0[21*M+48]=threshold;,,p0[48*M+21]=threshold;
21,94,,p0[,*M+,]=threshold;,,p0[21*M+94]=threshold;,,p0[94*M+21]=threshold;
21,120,,p0[,*M+,]=threshold;,,p0[21*M+120]=threshold;,,p0[120*M+21]=threshold;
21,141,,p0[,*M+,]=threshold;,,p0[21*M+141]=threshold;,,p0[141*M+21]=threshold;
21,146,,p0[,*M+,]=threshold;,,p0[21*M+146]=threshold;,,p0[146*M+21]=threshold;
21,154,,p0[,*M+,]=threshold;,,p0[21*M+154]=threshold;,,p0[154*M+21]=threshold;
21,158,,p0[,*M+,]=threshold;,,p0[21*M+158]=threshold;,,p0[158*M+21]=threshold;
21,168,,p0[,*M+,]=threshold;,,p0[21*M+168]=threshold;,,p0[168*M+21]=threshold;
22,32,,p0[,*M+,]=threshold;,,p0[22*M+32]=threshold;,,p0[32*M+22]=threshold;
22,251,,p0[,*M+,]=threshold;,,p0[22*M+251]=threshold;,,p0[251*M+22]=threshold;
23,29,,p0[,*M+,]=threshold;,,p0[23*M+29]=threshold;,,p0[29*M+23]=threshold;
23,46,,p0[,*M+,]=threshold;,,p0[23*M+46]=threshold;,,p0[46*M+23]=threshold;
23,73,,p0[,*M+,]=threshold;,,p0[23*M+73]=threshold;,,p0[73*M+23]=threshold;
23,365,,p0[,*M+,]=threshold;,,p0[23*M+365]=threshold;,,p0[365*M+23]=threshold;
23,445,,p0[,*M+,]=threshold;,,p0[23*M+445]=threshold;,,p0[445*M+23]=threshold;
24,127,,p0[,*M+,]=threshold;,,p0[24*M+127]=threshold;,,p0[127*M+24]=threshold;
24,280,,p0[,*M+,]=threshold;,,p0[24*M+280]=threshold;,,p0[280*M+24]=threshold;
25,132,,p0[,*M+,]=threshold;,,p0[25*M+132]=threshold;,,p0[132*M+25]=threshold;
26,31,,p0[,*M+,]=threshold;,,p0[26*M+31]=threshold;,,p0[31*M+26]=threshold;
26,52,,p0[,*M+,]=threshold;,,p0[26*M+52]=threshold;,,p0[52*M+26]=threshold;
26,65,,p0[,*M+,]=threshold;,,p0[26*M+65]=threshold;,,p0[65*M+26]=threshold;
26,66,,p0[,*M+,]=threshold;,,p0[26*M+66]=threshold;,,p0[66*M+26]=threshold;
26,68,,p0[,*M+,]=threshold;,,p0[26*M+68]=threshold;,,p0[68*M+26]=threshold;
26,164,,p0[,*M+,]=threshold;,,p0[26*M+164]=threshold;,,p0[164*M+26]=threshold;
27,407,,p0[,*M+,]=threshold;,,p0[27*M+407]=threshold;,,p0[407*M+27]=threshold;
28,35,,p0[,*M+,]=threshold;,,p0[28*M+35]=threshold;,,p0[35*M+28]=threshold;
28,43,,p0[,*M+,]=threshold;,,p0[28*M+43]=threshold;,,p0[43*M+28]=threshold;
28,55,,p0[,*M+,]=threshold;,,p0[28*M+55]=threshold;,,p0[55*M+28]=threshold;
28,112,,p0[,*M+,]=threshold;,,p0[28*M+112]=threshold;,,p0[112*M+28]=threshold;
28,281,,p0[,*M+,]=threshold;,,p0[28*M+281]=threshold;,,p0[281*M+28]=threshold;
28,490,,p0[,*M+,]=threshold;,,p0[28*M+490]=threshold;,,p0[490*M+28]=threshold;
28,492,,p0[,*M+,]=threshold;,,p0[28*M+492]=threshold;,,p0[492*M+28]=threshold;
29,66,,p0[,*M+,]=threshold;,,p0[29*M+66]=threshold;,,p0[66*M+29]=threshold;
29,78,,p0[,*M+,]=threshold;,,p0[29*M+78]=threshold;,,p0[78*M+29]=threshold;
29,95,,p0[,*M+,]=threshold;,,p0[29*M+95]=threshold;,,p0[95*M+29]=threshold;
29,104,,p0[,*M+,]=threshold;,,p0[29*M+104]=threshold;,,p0[104*M+29]=threshold;
29,129,,p0[,*M+,]=threshold;,,p0[29*M+129]=threshold;,,p0[129*M+29]=threshold;
29,159,,p0[,*M+,]=threshold;,,p0[29*M+159]=threshold;,,p0[159*M+29]=threshold;
29,225,,p0[,*M+,]=threshold;,,p0[29*M+225]=threshold;,,p0[225*M+29]=threshold;
29,251,,p0[,*M+,]=threshold;,,p0[29*M+251]=threshold;,,p0[251*M+29]=threshold;
29,266,,p0[,*M+,]=threshold;,,p0[29*M+266]=threshold;,,p0[266*M+29]=threshold;
29,334,,p0[,*M+,]=threshold;,,p0[29*M+334]=threshold;,,p0[334*M+29]=threshold;
29,456,,p0[,*M+,]=threshold;,,p0[29*M+456]=threshold;,,p0[456*M+29]=threshold;
30,50,,p0[,*M+,]=threshold;,,p0[30*M+50]=threshold;,,p0[50*M+30]=threshold;
30,57,,p0[,*M+,]=threshold;,,p0[30*M+57]=threshold;,,p0[57*M+30]=threshold;
30,74,,p0[,*M+,]=threshold;,,p0[30*M+74]=threshold;,,p0[74*M+30]=threshold;
30,107,,p0[,*M+,]=threshold;,,p0[30*M+107]=threshold;,,p0[107*M+30]=threshold;
30,132,,p0[,*M+,]=threshold;,,p0[30*M+132]=threshold;,,p0[132*M+30]=threshold;
30,154,,p0[,*M+,]=threshold;,,p0[30*M+154]=threshold;,,p0[154*M+30]=threshold;
30,172,,p0[,*M+,]=threshold;,,p0[30*M+172]=threshold;,,p0[172*M+30]=threshold;
30,477,,p0[,*M+,]=threshold;,,p0[30*M+477]=threshold;,,p0[477*M+30]=threshold;
32,170,,p0[,*M+,]=threshold;,,p0[32*M+170]=threshold;,,p0[170*M+32]=threshold;
32,188,,p0[,*M+,]=threshold;,,p0[32*M+188]=threshold;,,p0[188*M+32]=threshold;
33,90,,p0[,*M+,]=threshold;,,p0[33*M+90]=threshold;,,p0[90*M+33]=threshold;
33,101,,p0[,*M+,]=threshold;,,p0[33*M+101]=threshold;,,p0[101*M+33]=threshold;
33,125,,p0[,*M+,]=threshold;,,p0[33*M+125]=threshold;,,p0[125*M+33]=threshold;
33,396,,p0[,*M+,]=threshold;,,p0[33*M+396]=threshold;,,p0[396*M+33]=threshold;
34,45,,p0[,*M+,]=threshold;,,p0[34*M+45]=threshold;,,p0[45*M+34]=threshold;
34,111,,p0[,*M+,]=threshold;,,p0[34*M+111]=threshold;,,p0[111*M+34]=threshold;
34,326,,p0[,*M+,]=threshold;,,p0[34*M+326]=threshold;,,p0[326*M+34]=threshold;
34,436,,p0[,*M+,]=threshold;,,p0[34*M+436]=threshold;,,p0[436*M+34]=threshold;
35,40,,p0[,*M+,]=threshold;,,p0[35*M+40]=threshold;,,p0[40*M+35]=threshold;
36,38,,p0[,*M+,]=threshold;,,p0[36*M+38]=threshold;,,p0[38*M+36]=threshold;
36,126,,p0[,*M+,]=threshold;,,p0[36*M+126]=threshold;,,p0[126*M+36]=threshold;
36,130,,p0[,*M+,]=threshold;,,p0[36*M+130]=threshold;,,p0[130*M+36]=threshold;
37,91,,p0[,*M+,]=threshold;,,p0[37*M+91]=threshold;,,p0[91*M+37]=threshold;
37,134,,p0[,*M+,]=threshold;,,p0[37*M+134]=threshold;,,p0[134*M+37]=threshold;
37,254,,p0[,*M+,]=threshold;,,p0[37*M+254]=threshold;,,p0[254*M+37]=threshold;
37,417,,p0[,*M+,]=threshold;,,p0[37*M+417]=threshold;,,p0[417*M+37]=threshold;
38,80,,p0[,*M+,]=threshold;,,p0[38*M+80]=threshold;,,p0[80*M+38]=threshold;
38,284,,p0[,*M+,]=threshold;,,p0[38*M+284]=threshold;,,p0[284*M+38]=threshold;
39,44,,p0[,*M+,]=threshold;,,p0[39*M+44]=threshold;,,p0[44*M+39]=threshold;
39,253,,p0[,*M+,]=threshold;,,p0[39*M+253]=threshold;,,p0[253*M+39]=threshold;
40,82,,p0[,*M+,]=threshold;,,p0[40*M+82]=threshold;,,p0[82*M+40]=threshold;
40,83,,p0[,*M+,]=threshold;,,p0[40*M+83]=threshold;,,p0[83*M+40]=threshold;
40,136,,p0[,*M+,]=threshold;,,p0[40*M+136]=threshold;,,p0[136*M+40]=threshold;
40,172,,p0[,*M+,]=threshold;,,p0[40*M+172]=threshold;,,p0[172*M+40]=threshold;
40,196,,p0[,*M+,]=threshold;,,p0[40*M+196]=threshold;,,p0[196*M+40]=threshold;
40,294,,p0[,*M+,]=threshold;,,p0[40*M+294]=threshold;,,p0[294*M+40]=threshold;
42,163,,p0[,*M+,]=threshold;,,p0[42*M+163]=threshold;,,p0[163*M+42]=threshold;
42,191,,p0[,*M+,]=threshold;,,p0[42*M+191]=threshold;,,p0[191*M+42]=threshold;
42,338,,p0[,*M+,]=threshold;,,p0[42*M+338]=threshold;,,p0[338*M+42]=threshold;
42,386,,p0[,*M+,]=threshold;,,p0[42*M+386]=threshold;,,p0[386*M+42]=threshold;
43,89,,p0[,*M+,]=threshold;,,p0[43*M+89]=threshold;,,p0[89*M+43]=threshold;
43,198,,p0[,*M+,]=threshold;,,p0[43*M+198]=threshold;,,p0[198*M+43]=threshold;
43,236,,p0[,*M+,]=threshold;,,p0[43*M+236]=threshold;,,p0[236*M+43]=threshold;
43,476,,p0[,*M+,]=threshold;,,p0[43*M+476]=threshold;,,p0[476*M+43]=threshold;
43,488,,p0[,*M+,]=threshold;,,p0[43*M+488]=threshold;,,p0[488*M+43]=threshold;
44,310,,p0[,*M+,]=threshold;,,p0[44*M+310]=threshold;,,p0[310*M+44]=threshold;
44,394,,p0[,*M+,]=threshold;,,p0[44*M+394]=threshold;,,p0[394*M+44]=threshold;
45,70,,p0[,*M+,]=threshold;,,p0[45*M+70]=threshold;,,p0[70*M+45]=threshold;
45,108,,p0[,*M+,]=threshold;,,p0[45*M+108]=threshold;,,p0[108*M+45]=threshold;
46,142,,p0[,*M+,]=threshold;,,p0[46*M+142]=threshold;,,p0[142*M+46]=threshold;
46,226,,p0[,*M+,]=threshold;,,p0[46*M+226]=threshold;,,p0[226*M+46]=threshold;
46,256,,p0[,*M+,]=threshold;,,p0[46*M+256]=threshold;,,p0[256*M+46]=threshold;
47,128,,p0[,*M+,]=threshold;,,p0[47*M+128]=threshold;,,p0[128*M+47]=threshold;
48,59,,p0[,*M+,]=threshold;,,p0[48*M+59]=threshold;,,p0[59*M+48]=threshold;
48,426,,p0[,*M+,]=threshold;,,p0[48*M+426]=threshold;,,p0[426*M+48]=threshold;
49,51,,p0[,*M+,]=threshold;,,p0[49*M+51]=threshold;,,p0[51*M+49]=threshold;
49,98,,p0[,*M+,]=threshold;,,p0[49*M+98]=threshold;,,p0[98*M+49]=threshold;
49,490,,p0[,*M+,]=threshold;,,p0[49*M+490]=threshold;,,p0[490*M+49]=threshold;
50,498,,p0[,*M+,]=threshold;,,p0[50*M+498]=threshold;,,p0[498*M+50]=threshold;
51,99,,p0[,*M+,]=threshold;,,p0[51*M+99]=threshold;,,p0[99*M+51]=threshold;
53,62,,p0[,*M+,]=threshold;,,p0[53*M+62]=threshold;,,p0[62*M+53]=threshold;
53,278,,p0[,*M+,]=threshold;,,p0[53*M+278]=threshold;,,p0[278*M+53]=threshold;
53,490,,p0[,*M+,]=threshold;,,p0[53*M+490]=threshold;,,p0[490*M+53]=threshold;
54,80,,p0[,*M+,]=threshold;,,p0[54*M+80]=threshold;,,p0[80*M+54]=threshold;
54,102,,p0[,*M+,]=threshold;,,p0[54*M+102]=threshold;,,p0[102*M+54]=threshold;
54,152,,p0[,*M+,]=threshold;,,p0[54*M+152]=threshold;,,p0[152*M+54]=threshold;
54,295,,p0[,*M+,]=threshold;,,p0[54*M+295]=threshold;,,p0[295*M+54]=threshold;
55,58,,p0[,*M+,]=threshold;,,p0[55*M+58]=threshold;,,p0[58*M+55]=threshold;
55,69,,p0[,*M+,]=threshold;,,p0[55*M+69]=threshold;,,p0[69*M+55]=threshold;
55,186,,p0[,*M+,]=threshold;,,p0[55*M+186]=threshold;,,p0[186*M+55]=threshold;
55,201,,p0[,*M+,]=threshold;,,p0[55*M+201]=threshold;,,p0[201*M+55]=threshold;
55,214,,p0[,*M+,]=threshold;,,p0[55*M+214]=threshold;,,p0[214*M+55]=threshold;
55,216,,p0[,*M+,]=threshold;,,p0[55*M+216]=threshold;,,p0[216*M+55]=threshold;
55,234,,p0[,*M+,]=threshold;,,p0[55*M+234]=threshold;,,p0[234*M+55]=threshold;
55,238,,p0[,*M+,]=threshold;,,p0[55*M+238]=threshold;,,p0[238*M+55]=threshold;
55,256,,p0[,*M+,]=threshold;,,p0[55*M+256]=threshold;,,p0[256*M+55]=threshold;
55,263,,p0[,*M+,]=threshold;,,p0[55*M+263]=threshold;,,p0[263*M+55]=threshold;
55,311,,p0[,*M+,]=threshold;,,p0[55*M+311]=threshold;,,p0[311*M+55]=threshold;
55,393,,p0[,*M+,]=threshold;,,p0[55*M+393]=threshold;,,p0[393*M+55]=threshold;
55,430,,p0[,*M+,]=threshold;,,p0[55*M+430]=threshold;,,p0[430*M+55]=threshold;
56,155,,p0[,*M+,]=threshold;,,p0[56*M+155]=threshold;,,p0[155*M+56]=threshold;
56,162,,p0[,*M+,]=threshold;,,p0[56*M+162]=threshold;,,p0[162*M+56]=threshold;
56,264,,p0[,*M+,]=threshold;,,p0[56*M+264]=threshold;,,p0[264*M+56]=threshold;
58,60,,p0[,*M+,]=threshold;,,p0[58*M+60]=threshold;,,p0[60*M+58]=threshold;
58,87,,p0[,*M+,]=threshold;,,p0[58*M+87]=threshold;,,p0[87*M+58]=threshold;
58,113,,p0[,*M+,]=threshold;,,p0[58*M+113]=threshold;,,p0[113*M+58]=threshold;
58,147,,p0[,*M+,]=threshold;,,p0[58*M+147]=threshold;,,p0[147*M+58]=threshold;
58,197,,p0[,*M+,]=threshold;,,p0[58*M+197]=threshold;,,p0[197*M+58]=threshold;
58,213,,p0[,*M+,]=threshold;,,p0[58*M+213]=threshold;,,p0[213*M+58]=threshold;
58,428,,p0[,*M+,]=threshold;,,p0[58*M+428]=threshold;,,p0[428*M+58]=threshold;
58,444,,p0[,*M+,]=threshold;,,p0[58*M+444]=threshold;,,p0[444*M+58]=threshold;
59,64,,p0[,*M+,]=threshold;,,p0[59*M+64]=threshold;,,p0[64*M+59]=threshold;
59,295,,p0[,*M+,]=threshold;,,p0[59*M+295]=threshold;,,p0[295*M+59]=threshold;
61,174,,p0[,*M+,]=threshold;,,p0[61*M+174]=threshold;,,p0[174*M+61]=threshold;
61,185,,p0[,*M+,]=threshold;,,p0[61*M+185]=threshold;,,p0[185*M+61]=threshold;
62,220,,p0[,*M+,]=threshold;,,p0[62*M+220]=threshold;,,p0[220*M+62]=threshold;
62,231,,p0[,*M+,]=threshold;,,p0[62*M+231]=threshold;,,p0[231*M+62]=threshold;
62,250,,p0[,*M+,]=threshold;,,p0[62*M+250]=threshold;,,p0[250*M+62]=threshold;
62,255,,p0[,*M+,]=threshold;,,p0[62*M+255]=threshold;,,p0[255*M+62]=threshold;
64,290,,p0[,*M+,]=threshold;,,p0[64*M+290]=threshold;,,p0[290*M+64]=threshold;
64,299,,p0[,*M+,]=threshold;,,p0[64*M+299]=threshold;,,p0[299*M+64]=threshold;
65,85,,p0[,*M+,]=threshold;,,p0[65*M+85]=threshold;,,p0[85*M+65]=threshold;
66,79,,p0[,*M+,]=threshold;,,p0[66*M+79]=threshold;,,p0[79*M+66]=threshold;
66,232,,p0[,*M+,]=threshold;,,p0[66*M+232]=threshold;,,p0[232*M+66]=threshold;
66,391,,p0[,*M+,]=threshold;,,p0[66*M+391]=threshold;,,p0[391*M+66]=threshold;
67,145,,p0[,*M+,]=threshold;,,p0[67*M+145]=threshold;,,p0[145*M+67]=threshold;
67,205,,p0[,*M+,]=threshold;,,p0[67*M+205]=threshold;,,p0[205*M+67]=threshold;
67,286,,p0[,*M+,]=threshold;,,p0[67*M+286]=threshold;,,p0[286*M+67]=threshold;
67,340,,p0[,*M+,]=threshold;,,p0[67*M+340]=threshold;,,p0[340*M+67]=threshold;
67,463,,p0[,*M+,]=threshold;,,p0[67*M+463]=threshold;,,p0[463*M+67]=threshold;
67,464,,p0[,*M+,]=threshold;,,p0[67*M+464]=threshold;,,p0[464*M+67]=threshold;
68,358,,p0[,*M+,]=threshold;,,p0[68*M+358]=threshold;,,p0[358*M+68]=threshold;
68,480,,p0[,*M+,]=threshold;,,p0[68*M+480]=threshold;,,p0[480*M+68]=threshold;
69,152,,p0[,*M+,]=threshold;,,p0[69*M+152]=threshold;,,p0[152*M+69]=threshold;
70,140,,p0[,*M+,]=threshold;,,p0[70*M+140]=threshold;,,p0[140*M+70]=threshold;
70,347,,p0[,*M+,]=threshold;,,p0[70*M+347]=threshold;,,p0[347*M+70]=threshold;
71,337,,p0[,*M+,]=threshold;,,p0[71*M+337]=threshold;,,p0[337*M+71]=threshold;
71,431,,p0[,*M+,]=threshold;,,p0[71*M+431]=threshold;,,p0[431*M+71]=threshold;
71,443,,p0[,*M+,]=threshold;,,p0[71*M+443]=threshold;,,p0[443*M+71]=threshold;
72,81,,p0[,*M+,]=threshold;,,p0[72*M+81]=threshold;,,p0[81*M+72]=threshold;
72,109,,p0[,*M+,]=threshold;,,p0[72*M+109]=threshold;,,p0[109*M+72]=threshold;
72,339,,p0[,*M+,]=threshold;,,p0[72*M+339]=threshold;,,p0[339*M+72]=threshold;
72,355,,p0[,*M+,]=threshold;,,p0[72*M+355]=threshold;,,p0[355*M+72]=threshold;
72,374,,p0[,*M+,]=threshold;,,p0[72*M+374]=threshold;,,p0[374*M+72]=threshold;
72,388,,p0[,*M+,]=threshold;,,p0[72*M+388]=threshold;,,p0[388*M+72]=threshold;
72,421,,p0[,*M+,]=threshold;,,p0[72*M+421]=threshold;,,p0[421*M+72]=threshold;
75,82,,p0[,*M+,]=threshold;,,p0[75*M+82]=threshold;,,p0[82*M+75]=threshold;
75,96,,p0[,*M+,]=threshold;,,p0[75*M+96]=threshold;,,p0[96*M+75]=threshold;
75,387,,p0[,*M+,]=threshold;,,p0[75*M+387]=threshold;,,p0[387*M+75]=threshold;
76,83,,p0[,*M+,]=threshold;,,p0[76*M+83]=threshold;,,p0[83*M+76]=threshold;
77,229,,p0[,*M+,]=threshold;,,p0[77*M+229]=threshold;,,p0[229*M+77]=threshold;
77,255,,p0[,*M+,]=threshold;,,p0[77*M+255]=threshold;,,p0[255*M+77]=threshold;
77,273,,p0[,*M+,]=threshold;,,p0[77*M+273]=threshold;,,p0[273*M+77]=threshold;
77,331,,p0[,*M+,]=threshold;,,p0[77*M+331]=threshold;,,p0[331*M+77]=threshold;
78,88,,p0[,*M+,]=threshold;,,p0[78*M+88]=threshold;,,p0[88*M+78]=threshold;
78,110,,p0[,*M+,]=threshold;,,p0[78*M+110]=threshold;,,p0[110*M+78]=threshold;
78,118,,p0[,*M+,]=threshold;,,p0[78*M+118]=threshold;,,p0[118*M+78]=threshold;
78,194,,p0[,*M+,]=threshold;,,p0[78*M+194]=threshold;,,p0[194*M+78]=threshold;
78,473,,p0[,*M+,]=threshold;,,p0[78*M+473]=threshold;,,p0[473*M+78]=threshold;
79,139,,p0[,*M+,]=threshold;,,p0[79*M+139]=threshold;,,p0[139*M+79]=threshold;
79,157,,p0[,*M+,]=threshold;,,p0[79*M+157]=threshold;,,p0[157*M+79]=threshold;
79,388,,p0[,*M+,]=threshold;,,p0[79*M+388]=threshold;,,p0[388*M+79]=threshold;
80,100,,p0[,*M+,]=threshold;,,p0[80*M+100]=threshold;,,p0[100*M+80]=threshold;
80,116,,p0[,*M+,]=threshold;,,p0[80*M+116]=threshold;,,p0[116*M+80]=threshold;
80,131,,p0[,*M+,]=threshold;,,p0[80*M+131]=threshold;,,p0[131*M+80]=threshold;
80,133,,p0[,*M+,]=threshold;,,p0[80*M+133]=threshold;,,p0[133*M+80]=threshold;
80,448,,p0[,*M+,]=threshold;,,p0[80*M+448]=threshold;,,p0[448*M+80]=threshold;
81,103,,p0[,*M+,]=threshold;,,p0[81*M+103]=threshold;,,p0[103*M+81]=threshold;
81,367,,p0[,*M+,]=threshold;,,p0[81*M+367]=threshold;,,p0[367*M+81]=threshold;
81,493,,p0[,*M+,]=threshold;,,p0[81*M+493]=threshold;,,p0[493*M+81]=threshold;
82,84,,p0[,*M+,]=threshold;,,p0[82*M+84]=threshold;,,p0[84*M+82]=threshold;
82,160,,p0[,*M+,]=threshold;,,p0[82*M+160]=threshold;,,p0[160*M+82]=threshold;
83,157,,p0[,*M+,]=threshold;,,p0[83*M+157]=threshold;,,p0[157*M+83]=threshold;
83,252,,p0[,*M+,]=threshold;,,p0[83*M+252]=threshold;,,p0[252*M+83]=threshold;
85,159,,p0[,*M+,]=threshold;,,p0[85*M+159]=threshold;,,p0[159*M+85]=threshold;
85,282,,p0[,*M+,]=threshold;,,p0[85*M+282]=threshold;,,p0[282*M+85]=threshold;
86,153,,p0[,*M+,]=threshold;,,p0[86*M+153]=threshold;,,p0[153*M+86]=threshold;
87,218,,p0[,*M+,]=threshold;,,p0[87*M+218]=threshold;,,p0[218*M+87]=threshold;
88,110,,p0[,*M+,]=threshold;,,p0[88*M+110]=threshold;,,p0[110*M+88]=threshold;
88,122,,p0[,*M+,]=threshold;,,p0[88*M+122]=threshold;,,p0[122*M+88]=threshold;
89,143,,p0[,*M+,]=threshold;,,p0[89*M+143]=threshold;,,p0[143*M+89]=threshold;
89,249,,p0[,*M+,]=threshold;,,p0[89*M+249]=threshold;,,p0[249*M+89]=threshold;
90,97,,p0[,*M+,]=threshold;,,p0[90*M+97]=threshold;,,p0[97*M+90]=threshold;
90,148,,p0[,*M+,]=threshold;,,p0[90*M+148]=threshold;,,p0[148*M+90]=threshold;
90,256,,p0[,*M+,]=threshold;,,p0[90*M+256]=threshold;,,p0[256*M+90]=threshold;
90,293,,p0[,*M+,]=threshold;,,p0[90*M+293]=threshold;,,p0[293*M+90]=threshold;
90,308,,p0[,*M+,]=threshold;,,p0[90*M+308]=threshold;,,p0[308*M+90]=threshold;
90,442,,p0[,*M+,]=threshold;,,p0[90*M+442]=threshold;,,p0[442*M+90]=threshold;
91,107,,p0[,*M+,]=threshold;,,p0[91*M+107]=threshold;,,p0[107*M+91]=threshold;
91,119,,p0[,*M+,]=threshold;,,p0[91*M+119]=threshold;,,p0[119*M+91]=threshold;
91,497,,p0[,*M+,]=threshold;,,p0[91*M+497]=threshold;,,p0[497*M+91]=threshold;
92,159,,p0[,*M+,]=threshold;,,p0[92*M+159]=threshold;,,p0[159*M+92]=threshold;
92,389,,p0[,*M+,]=threshold;,,p0[92*M+389]=threshold;,,p0[389*M+92]=threshold;
93,257,,p0[,*M+,]=threshold;,,p0[93*M+257]=threshold;,,p0[257*M+93]=threshold;
94,113,,p0[,*M+,]=threshold;,,p0[94*M+113]=threshold;,,p0[113*M+94]=threshold;
94,150,,p0[,*M+,]=threshold;,,p0[94*M+150]=threshold;,,p0[150*M+94]=threshold;
94,233,,p0[,*M+,]=threshold;,,p0[94*M+233]=threshold;,,p0[233*M+94]=threshold;
94,404,,p0[,*M+,]=threshold;,,p0[94*M+404]=threshold;,,p0[404*M+94]=threshold;
94,413,,p0[,*M+,]=threshold;,,p0[94*M+413]=threshold;,,p0[413*M+94]=threshold;
97,124,,p0[,*M+,]=threshold;,,p0[97*M+124]=threshold;,,p0[124*M+97]=threshold;
97,227,,p0[,*M+,]=threshold;,,p0[97*M+227]=threshold;,,p0[227*M+97]=threshold;
97,269,,p0[,*M+,]=threshold;,,p0[97*M+269]=threshold;,,p0[269*M+97]=threshold;
98,293,,p0[,*M+,]=threshold;,,p0[98*M+293]=threshold;,,p0[293*M+98]=threshold;
98,388,,p0[,*M+,]=threshold;,,p0[98*M+388]=threshold;,,p0[388*M+98]=threshold;
99,362,,p0[,*M+,]=threshold;,,p0[99*M+362]=threshold;,,p0[362*M+99]=threshold;
100,268,,p0[,*M+,]=threshold;,,p0[100*M+268]=threshold;,,p0[268*M+100]=threshold;
100,434,,p0[,*M+,]=threshold;,,p0[100*M+434]=threshold;,,p0[434*M+100]=threshold;
101,161,,p0[,*M+,]=threshold;,,p0[101*M+161]=threshold;,,p0[161*M+101]=threshold;
101,401,,p0[,*M+,]=threshold;,,p0[101*M+401]=threshold;,,p0[401*M+101]=threshold;
102,388,,p0[,*M+,]=threshold;,,p0[102*M+388]=threshold;,,p0[388*M+102]=threshold;
102,423,,p0[,*M+,]=threshold;,,p0[102*M+423]=threshold;,,p0[423*M+102]=threshold;
104,105,,p0[,*M+,]=threshold;,,p0[104*M+105]=threshold;,,p0[105*M+104]=threshold;
104,267,,p0[,*M+,]=threshold;,,p0[104*M+267]=threshold;,,p0[267*M+104]=threshold;
104,350,,p0[,*M+,]=threshold;,,p0[104*M+350]=threshold;,,p0[350*M+104]=threshold;
104,462,,p0[,*M+,]=threshold;,,p0[104*M+462]=threshold;,,p0[462*M+104]=threshold;
105,144,,p0[,*M+,]=threshold;,,p0[105*M+144]=threshold;,,p0[144*M+105]=threshold;
105,267,,p0[,*M+,]=threshold;,,p0[105*M+267]=threshold;,,p0[267*M+105]=threshold;
106,309,,p0[,*M+,]=threshold;,,p0[106*M+309]=threshold;,,p0[309*M+106]=threshold;
106,354,,p0[,*M+,]=threshold;,,p0[106*M+354]=threshold;,,p0[354*M+106]=threshold;
106,425,,p0[,*M+,]=threshold;,,p0[106*M+425]=threshold;,,p0[425*M+106]=threshold;
107,336,,p0[,*M+,]=threshold;,,p0[107*M+336]=threshold;,,p0[336*M+107]=threshold;
108,125,,p0[,*M+,]=threshold;,,p0[108*M+125]=threshold;,,p0[125*M+108]=threshold;
108,335,,p0[,*M+,]=threshold;,,p0[108*M+335]=threshold;,,p0[335*M+108]=threshold;
109,115,,p0[,*M+,]=threshold;,,p0[109*M+115]=threshold;,,p0[115*M+109]=threshold;
110,137,,p0[,*M+,]=threshold;,,p0[110*M+137]=threshold;,,p0[137*M+110]=threshold;
111,113,,p0[,*M+,]=threshold;,,p0[111*M+113]=threshold;,,p0[113*M+111]=threshold;
112,215,,p0[,*M+,]=threshold;,,p0[112*M+215]=threshold;,,p0[215*M+112]=threshold;
112,261,,p0[,*M+,]=threshold;,,p0[112*M+261]=threshold;,,p0[261*M+112]=threshold;
113,165,,p0[,*M+,]=threshold;,,p0[113*M+165]=threshold;,,p0[165*M+113]=threshold;
113,190,,p0[,*M+,]=threshold;,,p0[113*M+190]=threshold;,,p0[190*M+113]=threshold;
113,251,,p0[,*M+,]=threshold;,,p0[113*M+251]=threshold;,,p0[251*M+113]=threshold;
113,328,,p0[,*M+,]=threshold;,,p0[113*M+328]=threshold;,,p0[328*M+113]=threshold;
115,180,,p0[,*M+,]=threshold;,,p0[115*M+180]=threshold;,,p0[180*M+115]=threshold;
115,184,,p0[,*M+,]=threshold;,,p0[115*M+184]=threshold;,,p0[184*M+115]=threshold;
115,214,,p0[,*M+,]=threshold;,,p0[115*M+214]=threshold;,,p0[214*M+115]=threshold;
115,243,,p0[,*M+,]=threshold;,,p0[115*M+243]=threshold;,,p0[243*M+115]=threshold;
115,269,,p0[,*M+,]=threshold;,,p0[115*M+269]=threshold;,,p0[269*M+115]=threshold;
115,298,,p0[,*M+,]=threshold;,,p0[115*M+298]=threshold;,,p0[298*M+115]=threshold;
115,361,,p0[,*M+,]=threshold;,,p0[115*M+361]=threshold;,,p0[361*M+115]=threshold;
116,242,,p0[,*M+,]=threshold;,,p0[116*M+242]=threshold;,,p0[242*M+116]=threshold;
117,239,,p0[,*M+,]=threshold;,,p0[117*M+239]=threshold;,,p0[239*M+117]=threshold;
117,459,,p0[,*M+,]=threshold;,,p0[117*M+459]=threshold;,,p0[459*M+117]=threshold;
118,246,,p0[,*M+,]=threshold;,,p0[118*M+246]=threshold;,,p0[246*M+118]=threshold;
118,403,,p0[,*M+,]=threshold;,,p0[118*M+403]=threshold;,,p0[403*M+118]=threshold;
119,303,,p0[,*M+,]=threshold;,,p0[119*M+303]=threshold;,,p0[303*M+119]=threshold;
120,162,,p0[,*M+,]=threshold;,,p0[120*M+162]=threshold;,,p0[162*M+120]=threshold;
120,193,,p0[,*M+,]=threshold;,,p0[120*M+193]=threshold;,,p0[193*M+120]=threshold;
121,167,,p0[,*M+,]=threshold;,,p0[121*M+167]=threshold;,,p0[167*M+121]=threshold;
121,319,,p0[,*M+,]=threshold;,,p0[121*M+319]=threshold;,,p0[319*M+121]=threshold;
122,175,,p0[,*M+,]=threshold;,,p0[122*M+175]=threshold;,,p0[175*M+122]=threshold;
122,359,,p0[,*M+,]=threshold;,,p0[122*M+359]=threshold;,,p0[359*M+122]=threshold;
122,368,,p0[,*M+,]=threshold;,,p0[122*M+368]=threshold;,,p0[368*M+122]=threshold;
123,179,,p0[,*M+,]=threshold;,,p0[123*M+179]=threshold;,,p0[179*M+123]=threshold;
124,289,,p0[,*M+,]=threshold;,,p0[124*M+289]=threshold;,,p0[289*M+124]=threshold;
124,417,,p0[,*M+,]=threshold;,,p0[124*M+417]=threshold;,,p0[417*M+124]=threshold;
126,133,,p0[,*M+,]=threshold;,,p0[126*M+133]=threshold;,,p0[133*M+126]=threshold;
126,388,,p0[,*M+,]=threshold;,,p0[126*M+388]=threshold;,,p0[388*M+126]=threshold;
127,200,,p0[,*M+,]=threshold;,,p0[127*M+200]=threshold;,,p0[200*M+127]=threshold;
127,280,,p0[,*M+,]=threshold;,,p0[127*M+280]=threshold;,,p0[280*M+127]=threshold;
127,291,,p0[,*M+,]=threshold;,,p0[127*M+291]=threshold;,,p0[291*M+127]=threshold;
130,430,,p0[,*M+,]=threshold;,,p0[130*M+430]=threshold;,,p0[430*M+130]=threshold;
133,192,,p0[,*M+,]=threshold;,,p0[133*M+192]=threshold;,,p0[192*M+133]=threshold;
133,203,,p0[,*M+,]=threshold;,,p0[133*M+203]=threshold;,,p0[203*M+133]=threshold;
134,228,,p0[,*M+,]=threshold;,,p0[134*M+228]=threshold;,,p0[228*M+134]=threshold;
135,209,,p0[,*M+,]=threshold;,,p0[135*M+209]=threshold;,,p0[209*M+135]=threshold;
136,146,,p0[,*M+,]=threshold;,,p0[136*M+146]=threshold;,,p0[146*M+136]=threshold;
136,156,,p0[,*M+,]=threshold;,,p0[136*M+156]=threshold;,,p0[156*M+136]=threshold;
136,178,,p0[,*M+,]=threshold;,,p0[136*M+178]=threshold;,,p0[178*M+136]=threshold;
136,187,,p0[,*M+,]=threshold;,,p0[136*M+187]=threshold;,,p0[187*M+136]=threshold;
136,244,,p0[,*M+,]=threshold;,,p0[136*M+244]=threshold;,,p0[244*M+136]=threshold;
138,456,,p0[,*M+,]=threshold;,,p0[138*M+456]=threshold;,,p0[456*M+138]=threshold;
139,223,,p0[,*M+,]=threshold;,,p0[139*M+223]=threshold;,,p0[223*M+139]=threshold;
139,415,,p0[,*M+,]=threshold;,,p0[139*M+415]=threshold;,,p0[415*M+139]=threshold;
140,398,,p0[,*M+,]=threshold;,,p0[140*M+398]=threshold;,,p0[398*M+140]=threshold;
141,169,,p0[,*M+,]=threshold;,,p0[141*M+169]=threshold;,,p0[169*M+141]=threshold;
141,364,,p0[,*M+,]=threshold;,,p0[141*M+364]=threshold;,,p0[364*M+141]=threshold;
141,461,,p0[,*M+,]=threshold;,,p0[141*M+461]=threshold;,,p0[461*M+141]=threshold;
141,482,,p0[,*M+,]=threshold;,,p0[141*M+482]=threshold;,,p0[482*M+141]=threshold;
142,222,,p0[,*M+,]=threshold;,,p0[142*M+222]=threshold;,,p0[222*M+142]=threshold;
143,199,,p0[,*M+,]=threshold;,,p0[143*M+199]=threshold;,,p0[199*M+143]=threshold;
143,217,,p0[,*M+,]=threshold;,,p0[143*M+217]=threshold;,,p0[217*M+143]=threshold;
143,296,,p0[,*M+,]=threshold;,,p0[143*M+296]=threshold;,,p0[296*M+143]=threshold;
144,272,,p0[,*M+,]=threshold;,,p0[144*M+272]=threshold;,,p0[272*M+144]=threshold;
144,321,,p0[,*M+,]=threshold;,,p0[144*M+321]=threshold;,,p0[321*M+144]=threshold;
146,149,,p0[,*M+,]=threshold;,,p0[146*M+149]=threshold;,,p0[149*M+146]=threshold;
146,379,,p0[,*M+,]=threshold;,,p0[146*M+379]=threshold;,,p0[379*M+146]=threshold;
146,433,,p0[,*M+,]=threshold;,,p0[146*M+433]=threshold;,,p0[433*M+146]=threshold;
147,235,,p0[,*M+,]=threshold;,,p0[147*M+235]=threshold;,,p0[235*M+147]=threshold;
147,305,,p0[,*M+,]=threshold;,,p0[147*M+305]=threshold;,,p0[305*M+147]=threshold;
148,429,,p0[,*M+,]=threshold;,,p0[148*M+429]=threshold;,,p0[429*M+148]=threshold;
151,206,,p0[,*M+,]=threshold;,,p0[151*M+206]=threshold;,,p0[206*M+151]=threshold;
153,262,,p0[,*M+,]=threshold;,,p0[153*M+262]=threshold;,,p0[262*M+153]=threshold;
153,357,,p0[,*M+,]=threshold;,,p0[153*M+357]=threshold;,,p0[357*M+153]=threshold;
153,423,,p0[,*M+,]=threshold;,,p0[153*M+423]=threshold;,,p0[423*M+153]=threshold;
153,480,,p0[,*M+,]=threshold;,,p0[153*M+480]=threshold;,,p0[480*M+153]=threshold;
154,157,,p0[,*M+,]=threshold;,,p0[154*M+157]=threshold;,,p0[157*M+154]=threshold;
154,171,,p0[,*M+,]=threshold;,,p0[154*M+171]=threshold;,,p0[171*M+154]=threshold;
155,355,,p0[,*M+,]=threshold;,,p0[155*M+355]=threshold;,,p0[355*M+155]=threshold;
156,169,,p0[,*M+,]=threshold;,,p0[156*M+169]=threshold;,,p0[169*M+156]=threshold;
157,230,,p0[,*M+,]=threshold;,,p0[157*M+230]=threshold;,,p0[230*M+157]=threshold;
157,318,,p0[,*M+,]=threshold;,,p0[157*M+318]=threshold;,,p0[318*M+157]=threshold;
162,202,,p0[,*M+,]=threshold;,,p0[162*M+202]=threshold;,,p0[202*M+162]=threshold;
162,372,,p0[,*M+,]=threshold;,,p0[162*M+372]=threshold;,,p0[372*M+162]=threshold;
163,235,,p0[,*M+,]=threshold;,,p0[163*M+235]=threshold;,,p0[235*M+163]=threshold;
163,302,,p0[,*M+,]=threshold;,,p0[163*M+302]=threshold;,,p0[302*M+163]=threshold;
163,306,,p0[,*M+,]=threshold;,,p0[163*M+306]=threshold;,,p0[306*M+163]=threshold;
165,330,,p0[,*M+,]=threshold;,,p0[165*M+330]=threshold;,,p0[330*M+165]=threshold;
167,256,,p0[,*M+,]=threshold;,,p0[167*M+256]=threshold;,,p0[256*M+167]=threshold;
167,356,,p0[,*M+,]=threshold;,,p0[167*M+356]=threshold;,,p0[356*M+167]=threshold;
168,183,,p0[,*M+,]=threshold;,,p0[168*M+183]=threshold;,,p0[183*M+168]=threshold;
168,496,,p0[,*M+,]=threshold;,,p0[168*M+496]=threshold;,,p0[496*M+168]=threshold;
169,182,,p0[,*M+,]=threshold;,,p0[169*M+182]=threshold;,,p0[182*M+169]=threshold;
169,414,,p0[,*M+,]=threshold;,,p0[169*M+414]=threshold;,,p0[414*M+169]=threshold;
171,258,,p0[,*M+,]=threshold;,,p0[171*M+258]=threshold;,,p0[258*M+171]=threshold;
171,320,,p0[,*M+,]=threshold;,,p0[171*M+320]=threshold;,,p0[320*M+171]=threshold;
172,480,,p0[,*M+,]=threshold;,,p0[172*M+480]=threshold;,,p0[480*M+172]=threshold;
174,231,,p0[,*M+,]=threshold;,,p0[174*M+231]=threshold;,,p0[231*M+174]=threshold;
174,248,,p0[,*M+,]=threshold;,,p0[174*M+248]=threshold;,,p0[248*M+174]=threshold;
176,298,,p0[,*M+,]=threshold;,,p0[176*M+298]=threshold;,,p0[298*M+176]=threshold;
180,208,,p0[,*M+,]=threshold;,,p0[180*M+208]=threshold;,,p0[208*M+180]=threshold;
182,301,,p0[,*M+,]=threshold;,,p0[182*M+301]=threshold;,,p0[301*M+182]=threshold;
183,329,,p0[,*M+,]=threshold;,,p0[183*M+329]=threshold;,,p0[329*M+183]=threshold;
183,344,,p0[,*M+,]=threshold;,,p0[183*M+344]=threshold;,,p0[344*M+183]=threshold;
184,207,,p0[,*M+,]=threshold;,,p0[184*M+207]=threshold;,,p0[207*M+184]=threshold;
184,219,,p0[,*M+,]=threshold;,,p0[184*M+219]=threshold;,,p0[219*M+184]=threshold;
184,224,,p0[,*M+,]=threshold;,,p0[184*M+224]=threshold;,,p0[224*M+184]=threshold;
184,276,,p0[,*M+,]=threshold;,,p0[184*M+276]=threshold;,,p0[276*M+184]=threshold;
184,292,,p0[,*M+,]=threshold;,,p0[184*M+292]=threshold;,,p0[292*M+184]=threshold;
184,300,,p0[,*M+,]=threshold;,,p0[184*M+300]=threshold;,,p0[300*M+184]=threshold;
188,384,,p0[,*M+,]=threshold;,,p0[188*M+384]=threshold;,,p0[384*M+188]=threshold;
192,390,,p0[,*M+,]=threshold;,,p0[192*M+390]=threshold;,,p0[390*M+192]=threshold;
193,210,,p0[,*M+,]=threshold;,,p0[193*M+210]=threshold;,,p0[210*M+193]=threshold;
193,230,,p0[,*M+,]=threshold;,,p0[193*M+230]=threshold;,,p0[230*M+193]=threshold;
195,311,,p0[,*M+,]=threshold;,,p0[195*M+311]=threshold;,,p0[311*M+195]=threshold;
195,375,,p0[,*M+,]=threshold;,,p0[195*M+375]=threshold;,,p0[375*M+195]=threshold;
196,377,,p0[,*M+,]=threshold;,,p0[196*M+377]=threshold;,,p0[377*M+196]=threshold;
206,310,,p0[,*M+,]=threshold;,,p0[206*M+310]=threshold;,,p0[310*M+206]=threshold;
209,342,,p0[,*M+,]=threshold;,,p0[209*M+342]=threshold;,,p0[342*M+209]=threshold;
209,495,,p0[,*M+,]=threshold;,,p0[209*M+495]=threshold;,,p0[495*M+209]=threshold;
212,449,,p0[,*M+,]=threshold;,,p0[212*M+449]=threshold;,,p0[449*M+212]=threshold;
214,225,,p0[,*M+,]=threshold;,,p0[214*M+225]=threshold;,,p0[225*M+214]=threshold;
216,221,,p0[,*M+,]=threshold;,,p0[216*M+221]=threshold;,,p0[221*M+216]=threshold;
216,431,,p0[,*M+,]=threshold;,,p0[216*M+431]=threshold;,,p0[431*M+216]=threshold;
217,274,,p0[,*M+,]=threshold;,,p0[217*M+274]=threshold;,,p0[274*M+217]=threshold;
219,240,,p0[,*M+,]=threshold;,,p0[219*M+240]=threshold;,,p0[240*M+219]=threshold;
221,295,,p0[,*M+,]=threshold;,,p0[221*M+295]=threshold;,,p0[295*M+221]=threshold;
221,468,,p0[,*M+,]=threshold;,,p0[221*M+468]=threshold;,,p0[468*M+221]=threshold;
223,378,,p0[,*M+,]=threshold;,,p0[223*M+378]=threshold;,,p0[378*M+223]=threshold;
224,237,,p0[,*M+,]=threshold;,,p0[224*M+237]=threshold;,,p0[237*M+224]=threshold;
227,402,,p0[,*M+,]=threshold;,,p0[227*M+402]=threshold;,,p0[402*M+227]=threshold;
227,457,,p0[,*M+,]=threshold;,,p0[227*M+457]=threshold;,,p0[457*M+227]=threshold;
231,411,,p0[,*M+,]=threshold;,,p0[231*M+411]=threshold;,,p0[411*M+231]=threshold;
232,277,,p0[,*M+,]=threshold;,,p0[232*M+277]=threshold;,,p0[277*M+232]=threshold;
232,470,,p0[,*M+,]=threshold;,,p0[232*M+470]=threshold;,,p0[470*M+232]=threshold;
234,382,,p0[,*M+,]=threshold;,,p0[234*M+382]=threshold;,,p0[382*M+234]=threshold;
235,265,,p0[,*M+,]=threshold;,,p0[235*M+265]=threshold;,,p0[265*M+235]=threshold;
241,371,,p0[,*M+,]=threshold;,,p0[241*M+371]=threshold;,,p0[371*M+241]=threshold;
242,295,,p0[,*M+,]=threshold;,,p0[242*M+295]=threshold;,,p0[295*M+242]=threshold;
245,457,,p0[,*M+,]=threshold;,,p0[245*M+457]=threshold;,,p0[457*M+245]=threshold;
245,469,,p0[,*M+,]=threshold;,,p0[245*M+469]=threshold;,,p0[469*M+245]=threshold;
247,432,,p0[,*M+,]=threshold;,,p0[247*M+432]=threshold;,,p0[432*M+247]=threshold;
248,288,,p0[,*M+,]=threshold;,,p0[248*M+288]=threshold;,,p0[288*M+248]=threshold;
249,481,,p0[,*M+,]=threshold;,,p0[249*M+481]=threshold;,,p0[481*M+249]=threshold;
251,369,,p0[,*M+,]=threshold;,,p0[251*M+369]=threshold;,,p0[369*M+251]=threshold;
251,427,,p0[,*M+,]=threshold;,,p0[251*M+427]=threshold;,,p0[427*M+251]=threshold;
253,441,,p0[,*M+,]=threshold;,,p0[253*M+441]=threshold;,,p0[441*M+253]=threshold;
254,420,,p0[,*M+,]=threshold;,,p0[254*M+420]=threshold;,,p0[420*M+254]=threshold;
255,467,,p0[,*M+,]=threshold;,,p0[255*M+467]=threshold;,,p0[467*M+255]=threshold;
256,383,,p0[,*M+,]=threshold;,,p0[256*M+383]=threshold;,,p0[383*M+256]=threshold;
256,408,,p0[,*M+,]=threshold;,,p0[256*M+408]=threshold;,,p0[408*M+256]=threshold;
257,287,,p0[,*M+,]=threshold;,,p0[257*M+287]=threshold;,,p0[287*M+257]=threshold;
257,321,,p0[,*M+,]=threshold;,,p0[257*M+321]=threshold;,,p0[321*M+257]=threshold;
259,283,,p0[,*M+,]=threshold;,,p0[259*M+283]=threshold;,,p0[283*M+259]=threshold;
261,363,,p0[,*M+,]=threshold;,,p0[261*M+363]=threshold;,,p0[363*M+261]=threshold;
262,279,,p0[,*M+,]=threshold;,,p0[262*M+279]=threshold;,,p0[279*M+262]=threshold;
262,333,,p0[,*M+,]=threshold;,,p0[262*M+333]=threshold;,,p0[333*M+262]=threshold;
262,477,,p0[,*M+,]=threshold;,,p0[262*M+477]=threshold;,,p0[477*M+262]=threshold;
265,437,,p0[,*M+,]=threshold;,,p0[265*M+437]=threshold;,,p0[437*M+265]=threshold;
265,460,,p0[,*M+,]=threshold;,,p0[265*M+460]=threshold;,,p0[460*M+265]=threshold;
266,370,,p0[,*M+,]=threshold;,,p0[266*M+370]=threshold;,,p0[370*M+266]=threshold;
268,327,,p0[,*M+,]=threshold;,,p0[268*M+327]=threshold;,,p0[327*M+268]=threshold;
268,353,,p0[,*M+,]=threshold;,,p0[268*M+353]=threshold;,,p0[353*M+268]=threshold;
270,298,,p0[,*M+,]=threshold;,,p0[270*M+298]=threshold;,,p0[298*M+270]=threshold;
280,332,,p0[,*M+,]=threshold;,,p0[280*M+332]=threshold;,,p0[332*M+280]=threshold;
280,346,,p0[,*M+,]=threshold;,,p0[280*M+346]=threshold;,,p0[346*M+280]=threshold;
281,343,,p0[,*M+,]=threshold;,,p0[281*M+343]=threshold;,,p0[343*M+281]=threshold;
286,462,,p0[,*M+,]=threshold;,,p0[286*M+462]=threshold;,,p0[462*M+286]=threshold;
290,304,,p0[,*M+,]=threshold;,,p0[290*M+304]=threshold;,,p0[304*M+290]=threshold;
291,454,,p0[,*M+,]=threshold;,,p0[291*M+454]=threshold;,,p0[454*M+291]=threshold;
295,314,,p0[,*M+,]=threshold;,,p0[295*M+314]=threshold;,,p0[314*M+295]=threshold;
295,478,,p0[,*M+,]=threshold;,,p0[295*M+478]=threshold;,,p0[478*M+295]=threshold;
296,324,,p0[,*M+,]=threshold;,,p0[296*M+324]=threshold;,,p0[324*M+296]=threshold;
296,345,,p0[,*M+,]=threshold;,,p0[296*M+345]=threshold;,,p0[345*M+296]=threshold;
297,425,,p0[,*M+,]=threshold;,,p0[297*M+425]=threshold;,,p0[425*M+297]=threshold;
298,313,,p0[,*M+,]=threshold;,,p0[298*M+313]=threshold;,,p0[313*M+298]=threshold;
298,373,,p0[,*M+,]=threshold;,,p0[298*M+373]=threshold;,,p0[373*M+298]=threshold;
298,397,,p0[,*M+,]=threshold;,,p0[298*M+397]=threshold;,,p0[397*M+298]=threshold;
299,316,,p0[,*M+,]=threshold;,,p0[299*M+316]=threshold;,,p0[316*M+299]=threshold;
299,444,,p0[,*M+,]=threshold;,,p0[299*M+444]=threshold;,,p0[444*M+299]=threshold;
302,312,,p0[,*M+,]=threshold;,,p0[302*M+312]=threshold;,,p0[312*M+302]=threshold;
302,450,,p0[,*M+,]=threshold;,,p0[302*M+450]=threshold;,,p0[450*M+302]=threshold;
308,319,,p0[,*M+,]=threshold;,,p0[308*M+319]=threshold;,,p0[319*M+308]=threshold;
308,451,,p0[,*M+,]=threshold;,,p0[308*M+451]=threshold;,,p0[451*M+308]=threshold;
308,487,,p0[,*M+,]=threshold;,,p0[308*M+487]=threshold;,,p0[487*M+308]=threshold;
310,412,,p0[,*M+,]=threshold;,,p0[310*M+412]=threshold;,,p0[412*M+310]=threshold;
311,395,,p0[,*M+,]=threshold;,,p0[311*M+395]=threshold;,,p0[395*M+311]=threshold;
311,447,,p0[,*M+,]=threshold;,,p0[311*M+447]=threshold;,,p0[447*M+311]=threshold;
312,472,,p0[,*M+,]=threshold;,,p0[312*M+472]=threshold;,,p0[472*M+312]=threshold;
320,410,,p0[,*M+,]=threshold;,,p0[320*M+410]=threshold;,,p0[410*M+320]=threshold;
320,478,,p0[,*M+,]=threshold;,,p0[320*M+478]=threshold;,,p0[478*M+320]=threshold;
322,352,,p0[,*M+,]=threshold;,,p0[322*M+352]=threshold;,,p0[352*M+322]=threshold;
322,422,,p0[,*M+,]=threshold;,,p0[322*M+422]=threshold;,,p0[422*M+322]=threshold;
324,446,,p0[,*M+,]=threshold;,,p0[324*M+446]=threshold;,,p0[446*M+324]=threshold;
327,341,,p0[,*M+,]=threshold;,,p0[327*M+341]=threshold;,,p0[341*M+327]=threshold;
330,348,,p0[,*M+,]=threshold;,,p0[330*M+348]=threshold;,,p0[348*M+330]=threshold;
332,351,,p0[,*M+,]=threshold;,,p0[332*M+351]=threshold;,,p0[351*M+332]=threshold;
336,499,,p0[,*M+,]=threshold;,,p0[336*M+499]=threshold;,,p0[499*M+336]=threshold;
339,360,,p0[,*M+,]=threshold;,,p0[339*M+360]=threshold;,,p0[360*M+339]=threshold;
340,484,,p0[,*M+,]=threshold;,,p0[340*M+484]=threshold;,,p0[484*M+340]=threshold;
342,489,,p0[,*M+,]=threshold;,,p0[342*M+489]=threshold;,,p0[489*M+342]=threshold;
344,416,,p0[,*M+,]=threshold;,,p0[344*M+416]=threshold;,,p0[416*M+344]=threshold;
346,380,,p0[,*M+,]=threshold;,,p0[346*M+380]=threshold;,,p0[380*M+346]=threshold;
346,491,,p0[,*M+,]=threshold;,,p0[346*M+491]=threshold;,,p0[491*M+346]=threshold;
347,440,,p0[,*M+,]=threshold;,,p0[347*M+440]=threshold;,,p0[440*M+347]=threshold;
350,418,,p0[,*M+,]=threshold;,,p0[350*M+418]=threshold;,,p0[418*M+350]=threshold;
352,359,,p0[,*M+,]=threshold;,,p0[352*M+359]=threshold;,,p0[359*M+352]=threshold;
352,474,,p0[,*M+,]=threshold;,,p0[352*M+474]=threshold;,,p0[474*M+352]=threshold;
353,479,,p0[,*M+,]=threshold;,,p0[353*M+479]=threshold;,,p0[479*M+353]=threshold;
356,452,,p0[,*M+,]=threshold;,,p0[356*M+452]=threshold;,,p0[452*M+356]=threshold;
358,443,,p0[,*M+,]=threshold;,,p0[358*M+443]=threshold;,,p0[443*M+358]=threshold;
359,372,,p0[,*M+,]=threshold;,,p0[359*M+372]=threshold;,,p0[372*M+359]=threshold;
365,381,,p0[,*M+,]=threshold;,,p0[365*M+381]=threshold;,,p0[381*M+365]=threshold;
365,392,,p0[,*M+,]=threshold;,,p0[365*M+392]=threshold;,,p0[392*M+365]=threshold;
367,376,,p0[,*M+,]=threshold;,,p0[367*M+376]=threshold;,,p0[376*M+367]=threshold;
370,436,,p0[,*M+,]=threshold;,,p0[370*M+436]=threshold;,,p0[436*M+370]=threshold;
371,438,,p0[,*M+,]=threshold;,,p0[371*M+438]=threshold;,,p0[438*M+371]=threshold;
371,458,,p0[,*M+,]=threshold;,,p0[371*M+458]=threshold;,,p0[458*M+371]=threshold;
373,439,,p0[,*M+,]=threshold;,,p0[373*M+439]=threshold;,,p0[439*M+373]=threshold;
373,463,,p0[,*M+,]=threshold;,,p0[373*M+463]=threshold;,,p0[463*M+373]=threshold;
375,419,,p0[,*M+,]=threshold;,,p0[375*M+419]=threshold;,,p0[419*M+375]=threshold;
377,400,,p0[,*M+,]=threshold;,,p0[377*M+400]=threshold;,,p0[400*M+377]=threshold;
377,483,,p0[,*M+,]=threshold;,,p0[377*M+483]=threshold;,,p0[483*M+377]=threshold;
384,453,,p0[,*M+,]=threshold;,,p0[384*M+453]=threshold;,,p0[453*M+384]=threshold;
388,406,,p0[,*M+,]=threshold;,,p0[388*M+406]=threshold;,,p0[406*M+388]=threshold;
404,485,,p0[,*M+,]=threshold;,,p0[404*M+485]=threshold;,,p0[485*M+404]=threshold;
406,466,,p0[,*M+,]=threshold;,,p0[406*M+466]=threshold;,,p0[466*M+406]=threshold;
420,465,,p0[,*M+,]=threshold;,,p0[420*M+465]=threshold;,,p0[465*M+420]=threshold;
422,435,,p0[,*M+,]=threshold;,,p0[422*M+435]=threshold;,,p0[435*M+422]=threshold;
443,494,,p0[,*M+,]=threshold;,,p0[443*M+494]=threshold;,,p0[494*M+443]=threshold;
460,486,,p0[,*M+,]=threshold;,,p0[460*M+486]=threshold;,,p0[486*M+460]=threshold;
490,500,,p0[,*M+,]=threshold;,,p0[490*M+500]=threshold;,,p0[500*M+490]=threshold;
